"Date","Number 1","Number 2","Number 3","Number 4","Number 5","Lucky Ball"
"01/21/2026","3","10","22","32","38","11"
"01/20/2026","6","9","28","41","45","8"
"01/19/2026","5","17","22","42","48","16"
"01/18/2026","11","18","21","42","48","17"
"01/17/2026","10","17","24","32","34","17"
"01/16/2026","4","6","9","14","17","17"
"01/15/2026","3","24","32","39","41","18"
"01/14/2026","14","17","21","30","36","3"
"01/13/2026","21","32","34","35","38","14"
"01/12/2026","21","23","24","28","39","1"
"01/11/2026","5","6","12","14","24","12"
"01/10/2026","17","24","36","38","43","17"
"01/09/2026","19","24","40","42","44","5"
"01/08/2026","5","12","13","39","48","13"
"01/07/2026","5","14","15","21","39","10"
"01/06/2026","10","13","24","27","31","8"
"01/05/2026","2","7","8","21","45","15"
"01/04/2026","3","8","13","38","47","2"
"01/03/2026","1","2","28","30","43","7"
"01/02/2026","9","15","20","21","25","2"
"01/01/2026","2","8","17","32","45","15"
"12/31/2025","26","30","41","43","47","12"
"12/30/2025","3","7","15","24","30","16"
"12/29/2025","1","8","16","17","26","12"
"12/28/2025","12","17","25","34","42","9"
"12/27/2025","8","12","24","26","42","17"
"12/26/2025","2","9","15","20","24","3"
"12/25/2025","23","29","31","37","45","16"
"12/24/2025","3","5","7","17","34","9"
"12/23/2025","2","4","12","37","42","10"
"12/22/2025","9","16","23","34","46","7"
"12/21/2025","11","24","27","38","46","15"
"12/20/2025","8","21","30","41","47","15"
"12/19/2025","8","13","19","34","48","14"
"12/18/2025","2","9","24","25","44","15"
"12/17/2025","11","13","20","40","41","7"
"12/16/2025","3","4","19","24","39","11"
"12/15/2025","12","16","27","34","41","12"
"12/14/2025","8","23","32","33","34","15"
"12/13/2025","12","18","19","24","35","17"
"12/12/2025","6","20","23","30","36","11"
"12/11/2025","7","20","24","30","39","18"
"12/10/2025","5","7","14","16","45","11"
"12/09/2025","19","24","33","39","40","6"
"12/08/2025","11","14","28","30","41","11"
"12/07/2025","5","8","11","12","34","4"
"12/06/2025","11","12","14","34","48","13"
"12/05/2025","4","35","38","40","41","3"
"12/04/2025","1","10","21","35","47","4"
"12/03/2025","20","21","22","41","43","17"
"12/02/2025","1","15","17","24","29","2"
"12/01/2025","10","16","18","30","43","18"
"11/30/2025","3","8","13","17","18","17"
"11/29/2025","4","8","9","34","39","13"
"11/28/2025","19","28","32","41","47","16"
"11/27/2025","8","12","13","16","45","13"
"11/26/2025","8","12","15","23","43","5"
"11/25/2025","7","11","32","37","44","14"
"11/24/2025","3","11","18","24","38","2"
"11/23/2025","3","4","13","28","41","9"
"11/22/2025","4","8","24","28","47","16"
"11/21/2025","19","29","39","41","48","18"
"11/20/2025","5","8","37","39","40","16"
"11/19/2025","2","4","12","34","38","16"
"11/18/2025","4","8","30","31","37","3"
"11/17/2025","8","12","16","24","37","8"
"11/16/2025","3","11","26","32","45","2"
"11/15/2025","16","29","32","33","37","16"
"11/14/2025","14","19","34","42","43","13"
"11/13/2025","3","9","16","20","42","11"
"11/12/2025","20","28","30","33","44","15"
"11/11/2025","12","25","30","40","42","15"
"11/10/2025","11","17","32","39","44","13"
"11/09/2025","17","19","33","46","47","10"
"11/08/2025","27","31","41","46","47","15"
"11/07/2025","5","9","16","30","41","2"
"11/06/2025","9","15","32","39","41","11"
"11/05/2025","9","12","29","38","43","15"
"11/04/2025","3","13","17","27","44","12"
"11/03/2025","1","31","32","34","37","13"
"11/02/2025","8","14","19","25","38","15"
"11/01/2025","6","19","28","38","46","8"
"10/31/2025","3","27","37","40","42","1"
"10/30/2025","1","10","23","29","34","16"
"10/29/2025","3","4","33","36","43","2"
"10/28/2025","14","15","21","24","45","8"
"10/27/2025","1","10","30","32","33","4"
"10/26/2025","2","8","11","24","30","10"
"10/25/2025","21","32","34","35","44","5"
"10/24/2025","8","9","28","31","46","6"
"10/23/2025","12","30","33","39","40","3"
"10/22/2025","1","20","30","37","46","1"
"10/21/2025","8","9","15","31","32","12"
"10/20/2025","3","5","23","26","28","9"
"10/19/2025","11","31","35","42","45","3"
"10/18/2025","13","20","24","31","45","12"
"10/17/2025","7","24","34","45","47","11"
"10/16/2025","4","7","42","43","46","11"
"10/15/2025","13","25","27","31","46","17"
"10/14/2025","2","5","15","34","37","1"
"10/13/2025","3","9","19","28","46","5"
"10/12/2025","5","11","15","22","45","14"
"10/11/2025","10","37","40","42","45","8"
"10/10/2025","5","35","39","40","45","6"
"10/09/2025","9","11","27","42","46","17"
"10/08/2025","9","13","14","35","46","6"
"10/07/2025","8","32","42","44","46","8"
"10/06/2025","6","11","30","34","39","10"
"10/05/2025","4","23","25","32","40","16"
"10/04/2025","8","17","18","24","35","1"
"10/03/2025","1","22","23","25","38","12"
"10/02/2025","16","21","26","34","48","7"
"10/01/2025","1","4","5","16","47","7"
"09/30/2025","8","15","17","30","39","14"
"09/29/2025","1","25","29","40","43","1"
"09/28/2025","8","9","27","31","36","6"
"09/27/2025","4","7","8","34","48","1"
"09/26/2025","22","30","33","37","43","14"
"09/25/2025","5","7","19","28","34","14"
"09/24/2025","3","26","29","40","45","3"
"09/23/2025","18","19","38","42","44","1"
"09/22/2025","6","9","15","42","43","15"
"09/21/2025","9","11","14","26","33","11"
"09/20/2025","11","16","31","34","38","18"
"09/19/2025","9","16","23","25","26","17"
"09/18/2025","14","29","41","44","46","4"
"09/17/2025","3","11","29","40","41","2"
"09/16/2025","7","17","22","27","32","8"
"09/15/2025","14","21","23","24","43","1"
"09/14/2025","23","33","34","38","40","17"
"09/13/2025","20","21","23","29","39","11"
"09/12/2025","28","34","35","36","43","11"
"09/11/2025","5","40","42","47","48","10"
"09/10/2025","11","12","35","37","45","11"
"09/09/2025","2","4","7","34","46","7"
"09/08/2025","5","9","21","22","36","18"
"09/07/2025","13","29","34","37","40","9"
"09/06/2025","4","12","14","15","21","9"
"09/05/2025","18","25","35","47","48","2"
"09/04/2025","17","20","23","25","39","2"
"09/03/2025","11","15","19","40","48","3"
"09/02/2025","4","5","24","29","40","11"
"09/01/2025","15","18","39","46","47","2"
"08/31/2025","13","14","19","25","28","6"
"08/30/2025","6","12","38","43","45","7"
"08/29/2025","8","14","22","24","30","17"
"08/28/2025","8","10","17","23","33","2"
"08/27/2025","6","15","26","38","48","8"
"08/26/2025","5","6","8","17","36","12"
"08/25/2025","1","4","12","17","20","6"
"08/24/2025","9","16","18","25","42","15"
"08/23/2025","9","11","17","25","42","11"
"08/22/2025","8","19","26","27","29","15"
"08/21/2025","23","27","32","41","46","15"
"08/20/2025","1","5","18","25","28","4"
"08/19/2025","1","4","30","46","48","7"
"08/18/2025","3","12","24","30","40","2"
"08/17/2025","8","15","20","25","28","3"
"08/16/2025","1","3","8","26","32","10"
"08/15/2025","2","8","19","26","32","18"
"08/14/2025","3","10","17","25","37","1"
"08/13/2025","13","23","30","31","38","2"
"08/12/2025","1","11","18","29","34","15"
"08/11/2025","18","22","26","40","46","3"
"08/10/2025","6","11","25","40","46","7"
"08/09/2025","9","19","35","44","45","17"
"08/08/2025","20","23","32","40","46","10"
"08/07/2025","16","25","26","27","36","16"
"08/06/2025","7","22","38","39","40","3"
"08/05/2025","17","27","32","37","39","15"
"08/04/2025","25","26","30","37","45","16"
"08/03/2025","4","9","25","33","43","6"
"08/02/2025","8","10","16","18","36","8"
"08/01/2025","8","20","22","24","36","15"
"07/31/2025","14","25","33","39","40","10"
"07/30/2025","2","5","22","33","40","12"
"07/29/2025","2","4","15","18","42","7"
"07/28/2025","4","9","13","23","34","6"
"07/27/2025","4","6","9","25","47","4"
"07/26/2025","4","8","9","22","23","8"
"07/25/2025","19","20","31","37","41","2"
"07/24/2025","1","11","22","26","29","18"
"07/23/2025","5","9","11","30","47","8"
"07/22/2025","18","19","22","30","48","2"
"07/21/2025","1","12","19","38","48","10"
"07/20/2025","26","31","37","41","43","1"
"07/19/2025","12","23","33","35","36","8"
"07/18/2025","10","12","18","22","39","9"
"07/17/2025","1","7","9","10","32","8"
"07/16/2025","17","21","23","25","47","9"
"07/15/2025","21","25","26","39","48","2"
"07/14/2025","19","21","26","40","48","16"
"07/13/2025","4","7","20","35","40","2"
"07/12/2025","3","6","17","42","46","4"
"07/11/2025","1","6","8","18","47","11"
"07/10/2025","7","9","11","17","32","3"
"07/09/2025","9","17","38","43","47","3"
"07/08/2025","16","26","27","34","43","15"
"07/07/2025","3","12","24","40","42","13"
"07/06/2025","6","15","16","30","45","12"
"07/05/2025","9","17","26","27","41","1"
"07/04/2025","9","26","27","30","46","5"
"07/03/2025","12","29","30","42","45","18"
"07/02/2025","3","6","16","22","42","17"
"07/01/2025","1","2","19","30","33","2"
"06/30/2025","7","11","26","37","41","17"
"06/29/2025","12","24","29","34","48","4"
"06/28/2025","9","11","40","46","47","8"
"06/27/2025","5","12","33","43","47","17"
"06/26/2025","5","7","37","41","42","15"
"06/25/2025","7","28","33","43","48","9"
"06/24/2025","1","4","27","40","45","11"
"06/23/2025","13","22","23","26","47","13"
"06/22/2025","12","19","21","23","38","6"
"06/21/2025","8","10","22","26","28","4"
"06/20/2025","5","9","31","33","45","8"
"06/19/2025","2","5","8","18","45","1"
"06/18/2025","6","16","25","26","44","14"
"06/17/2025","4","7","28","36","46","2"
"06/16/2025","17","27","34","38","41","10"
"06/15/2025","12","17","25","40","44","7"
"06/14/2025","6","22","31","35","37","9"
"06/13/2025","4","12","18","22","29","15"
"06/12/2025","2","4","6","37","40","5"
"06/11/2025","7","9","30","36","43","4"
"06/10/2025","10","26","30","41","44","17"
"06/09/2025","3","7","17","29","46","15"
"06/08/2025","5","11","20","42","43","10"
"06/07/2025","2","4","28","34","45","2"
"06/06/2025","10","15","38","41","45","18"
"06/05/2025","1","14","19","28","41","7"
"06/04/2025","11","12","14","40","41","10"
"06/03/2025","1","21","32","34","48","1"
"06/02/2025","1","10","22","29","40","15"
"06/01/2025","28","29","38","39","42","16"
"05/31/2025","11","18","22","27","31","13"
"05/30/2025","13","17","30","35","48","9"
"05/29/2025","9","14","20","31","46","7"
"05/28/2025","3","11","35","43","47","11"
"05/27/2025","10","12","18","43","46","18"
"05/26/2025","12","15","19","22","33","3"
"05/25/2025","12","20","30","35","47","2"
"05/24/2025","9","10","32","36","44","12"
"05/23/2025","4","11","15","19","38","4"
"05/22/2025","12","16","28","31","37","3"
"05/21/2025","8","23","32","40","45","18"
"05/20/2025","5","6","16","29","34","8"
"05/19/2025","22","23","32","35","39","15"
"05/18/2025","1","3","4","18","30","8"
"05/17/2025","1","4","27","38","46","13"
"05/16/2025","14","24","25","29","35","4"
"05/15/2025","7","16","17","20","23","4"
"05/14/2025","14","23","37","41","46","18"
"05/13/2025","4","14","17","43","44","12"
"05/12/2025","9","13","15","16","48","11"
"05/11/2025","16","26","30","34","43","6"
"05/10/2025","5","12","19","43","47","14"
"05/09/2025","4","9","22","41","46","13"
"05/08/2025","14","18","23","34","35","17"
"05/07/2025","5","7","37","39","46","15"
"05/06/2025","15","31","33","35","46","17"
"05/05/2025","3","26","30","32","39","8"
"05/04/2025","12","26","31","35","43","14"
"05/03/2025","2","13","18","21","31","9"
"05/02/2025","2","17","18","33","38","15"
"05/01/2025","17","32","36","41","46","4"
"04/30/2025","3","5","22","23","44","4"
"04/29/2025","24","25","39","43","45","13"
"04/28/2025","16","19","20","33","40","11"
"04/27/2025","4","19","35","36","41","5"
"04/26/2025","15","38","40","45","48","6"
"04/25/2025","9","15","40","41","48","5"
"04/24/2025","13","15","20","31","38","14"
"04/23/2025","8","14","15","23","24","15"
"04/22/2025","14","31","36","39","44","8"
"04/21/2025","12","25","29","36","47","3"
"04/20/2025","3","6","17","30","42","15"
"04/19/2025","3","22","39","41","43","11"
"04/18/2025","29","34","39","42","46","16"
"04/17/2025","4","18","22","26","44","15"
"04/16/2025","1","34","38","43","47","3"
"04/15/2025","10","19","26","30","48","11"
"04/14/2025","10","11","23","35","40","13"
"04/13/2025","2","29","30","43","45","9"
"04/12/2025","1","14","16","19","41","12"
"04/11/2025","7","9","10","31","34","10"
"04/10/2025","9","18","38","39","45","13"
"04/09/2025","1","14","24","29","46","14"
"04/08/2025","3","28","32","44","48","12"
"04/07/2025","21","25","31","37","38","18"
"04/06/2025","3","6","27","37","40","11"
"04/05/2025","8","15","29","37","47","6"
"04/04/2025","1","4","11","22","32","6"
"04/03/2025","2","5","11","14","28","18"
"04/02/2025","18","22","35","36","43","8"
"04/01/2025","9","20","29","36","41","8"
"03/31/2025","8","31","39","40","42","4"
"03/30/2025","19","20","27","36","39","6"
"03/29/2025","4","8","13","18","41","12"
"03/28/2025","10","15","23","31","40","18"
"03/27/2025","7","20","27","35","46","5"
"03/26/2025","8","12","15","39","44","15"
"03/25/2025","9","16","27","30","35","7"
"03/24/2025","14","20","30","31","39","1"
"03/23/2025","16","19","21","39","47","6"
"03/22/2025","13","14","32","46","47","10"
"03/21/2025","7","25","28","40","45","7"
"03/20/2025","7","14","25","35","40","14"
"03/19/2025","17","21","36","40","45","3"
"03/18/2025","8","20","37","39","46","15"
"03/17/2025","6","12","25","29","32","15"
"03/16/2025","4","14","16","28","34","7"
"03/15/2025","9","12","30","39","41","12"
"03/14/2025","7","16","28","40","48","18"
"03/13/2025","19","24","27","32","38","12"
"03/12/2025","5","8","10","20","44","1"
"03/11/2025","2","7","17","18","28","14"
"03/10/2025","7","8","13","21","42","8"
"03/09/2025","6","14","18","40","46","6"
"03/08/2025","9","20","31","40","44","10"
"03/07/2025","2","7","25","28","36","8"
"03/06/2025","20","28","30","31","38","10"
"03/05/2025","4","12","21","22","40","17"
"03/04/2025","2","11","25","30","31","7"
"03/03/2025","10","15","21","27","45","1"
"03/02/2025","4","24","26","32","42","12"
"03/01/2025","12","25","28","30","43","3"
"02/28/2025","9","16","18","23","42","13"
"02/27/2025","2","18","24","26","45","12"
"02/26/2025","5","18","27","33","38","10"
"02/25/2025","6","10","14","16","25","11"
"02/24/2025","7","16","23","33","40","8"
"02/23/2025","1","18","43","44","46","7"
"02/22/2025","2","6","29","35","44","7"
"02/21/2025","19","35","44","45","47","10"
"02/20/2025","15","39","40","42","47","7"
"02/19/2025","7","21","30","41","42","2"
"02/18/2025","2","5","16","19","46","7"
"02/17/2025","2","7","42","43","47","6"
"02/16/2025","3","15","16","19","32","3"
"02/15/2025","21","34","38","40","48","10"
"02/14/2025","7","11","12","22","34","8"
"02/13/2025","1","21","25","37","45","11"
"02/12/2025","8","29","34","36","42","11"
"02/11/2025","8","25","28","41","46","5"
"02/10/2025","1","2","16","18","30","6"
"02/09/2025","8","13","22","28","39","12"
"02/08/2025","1","7","15","17","40","18"
"02/07/2025","14","18","21","29","31","10"
"02/06/2025","18","21","32","39","41","7"
"02/05/2025","7","9","25","37","39","3"
"02/04/2025","2","5","23","29","47","8"
"02/03/2025","3","24","28","33","35","16"
"02/02/2025","5","6","17","27","36","12"
"02/01/2025","4","34","36","42","47","2"
"01/31/2025","3","7","34","39","44","13"
"01/30/2025","9","13","18","23","40","4"
"01/29/2025","1","20","25","30","34","11"
"01/28/2025","7","20","24","39","43","9"
"01/27/2025","7","16","41","42","48","5"
"01/26/2025","1","10","21","28","40","11"
"01/25/2025","8","26","28","38","46","6"
"01/24/2025","14","26","35","39","40","10"
"01/23/2025","9","13","18","24","46","6"
"01/22/2025","24","25","37","44","45","9"
"01/21/2025","18","27","30","40","44","15"
"01/20/2025","4","8","12","22","35","15"
"01/19/2025","8","24","35","43","46","4"
"01/18/2025","4","12","13","32","43","17"
"01/17/2025","1","4","6","9","46","4"
"01/16/2025","13","20","29","32","37","6"
"01/15/2025","19","31","33","36","46","7"
"01/14/2025","3","6","17","26","39","4"
"01/13/2025","13","17","35","41","44","5"
"01/12/2025","2","10","22","26","47","8"
"01/11/2025","21","22","26","27","48","12"
"01/10/2025","3","9","21","33","36","1"
"01/09/2025","2","4","14","17","28","11"
"01/08/2025","13","14","24","37","38","13"
"01/07/2025","16","24","30","32","44","2"
"01/06/2025","6","22","31","39","44","3"
"01/05/2025","6","27","31","33","47","13"
"01/04/2025","3","9","27","29","33","6"
"01/03/2025","14","15","20","23","28","12"
"01/02/2025","12","14","27","44","46","6"
"01/01/2025","7","15","17","39","40","16"
"12/31/2024","19","27","37","41","48","15"
"12/30/2024","7","14","18","25","47","18"
"12/29/2024","7","18","26","35","38","1"
"12/28/2024","14","19","21","25","30","9"
"12/27/2024","15","21","24","32","43","11"
"12/26/2024","9","10","12","30","47","9"
"12/25/2024","4","10","35","42","45","2"
"12/24/2024","16","22","24","43","47","11"
"12/23/2024","10","20","22","23","43","1"
"12/22/2024","4","7","37","43","47","8"
"12/21/2024","2","9","10","41","42","9"
"12/20/2024","9","20","21","35","36","3"
"12/19/2024","2","5","13","18","29","16"
"12/18/2024","19","26","30","31","41","16"
"12/17/2024","4","18","29","36","37","18"
"12/16/2024","3","16","29","31","33","9"
"12/15/2024","9","12","22","36","45","3"
"12/14/2024","10","16","35","40","42","16"
"12/13/2024","3","15","32","34","37","18"
"12/12/2024","5","7","17","19","32","12"
"12/11/2024","10","19","32","44","46","1"
"12/10/2024","6","12","30","39","46","10"
"12/09/2024","1","13","19","22","28","11"
"12/08/2024","1","2","39","40","42","4"
"12/07/2024","1","17","34","41","45","14"
"12/06/2024","1","3","33","36","39","1"
"12/05/2024","4","13","25","44","47","18"
"12/04/2024","1","13","25","33","46","6"
"12/03/2024","6","11","28","30","37","9"
"12/02/2024","5","13","14","31","42","15"
"12/01/2024","1","7","25","33","46","7"
"11/30/2024","21","22","32","36","48","5"
"11/29/2024","19","21","31","38","39","5"
"11/28/2024","18","33","42","44","45","2"
"11/27/2024","5","16","22","25","45","15"
"11/26/2024","27","29","32","33","47","2"
"11/25/2024","7","10","14","33","36","1"
"11/24/2024","7","11","14","26","48","15"
"11/23/2024","11","20","21","26","31","7"
"11/22/2024","17","31","33","38","46","17"
"11/21/2024","4","11","13","45","47","18"
"11/20/2024","3","29","30","39","45","13"
"11/19/2024","7","10","17","24","26","13"
"11/18/2024","4","9","10","28","29","1"
"11/17/2024","10","20","26","28","42","2"
"11/16/2024","6","11","18","20","29","4"
"11/15/2024","5","28","34","38","44","13"
"11/14/2024","5","22","30","33","44","3"
"11/13/2024","18","24","27","43","45","8"
"11/12/2024","11","21","22","24","48","8"
"11/11/2024","5","11","17","19","30","11"
"11/10/2024","11","18","32","38","40","3"
"11/09/2024","4","7","19","36","39","1"
"11/08/2024","2","7","19","42","47","4"
"11/07/2024","5","10","30","37","40","5"
"11/06/2024","4","7","12","14","43","5"
"11/05/2024","1","9","14","38","45","12"
"11/04/2024","8","18","28","36","43","6"
"11/03/2024","5","13","18","21","42","8"
"11/02/2024","21","25","30","34","35","9"
"11/01/2024","15","37","39","45","47","16"
"10/31/2024","29","30","31","33","36","4"
"10/30/2024","14","17","27","28","43","13"
"10/29/2024","4","8","9","25","48","10"
"10/28/2024","3","17","21","35","39","8"
"10/27/2024","1","4","8","27","42","1"
"10/26/2024","6","12","32","35","41","13"
"10/25/2024","1","3","15","33","36","5"
"10/24/2024","2","4","9","29","32","8"
"10/23/2024","9","12","22","25","44","9"
"10/22/2024","7","12","22","37","48","9"
"10/21/2024","3","14","23","37","38","2"
"10/20/2024","3","15","21","37","38","15"
"10/19/2024","10","14","24","45","46","9"
"10/18/2024","10","31","32","36","38","6"
"10/17/2024","23","26","29","36","47","14"
"10/16/2024","5","29","32","45","46","7"
"10/15/2024","15","20","21","24","38","5"
"10/14/2024","1","12","25","32","35","7"
"10/13/2024","2","6","14","25","45","9"
"10/12/2024","6","17","20","22","46","13"
"10/11/2024","3","18","29","33","36","12"
"10/10/2024","7","8","26","27","47","13"
"10/09/2024","11","15","31","36","45","2"
"10/08/2024","5","17","22","26","32","11"
"10/07/2024","8","21","22","28","47","16"
"10/06/2024","1","8","10","26","34","10"
"10/05/2024","3","17","31","32","35","18"
"10/04/2024","1","4","34","39","42","6"
"10/03/2024","2","5","29","42","48","18"
"10/02/2024","6","30","33","42","44","13"
"10/01/2024","5","13","22","31","48","18"
"09/30/2024","21","28","29","40","42","18"
"09/29/2024","7","15","27","31","38","14"
"09/28/2024","7","20","23","38","48","11"
"09/27/2024","4","7","9","24","36","1"
"09/26/2024","4","8","27","37","40","8"
"09/25/2024","4","7","15","21","31","13"
"09/24/2024","6","9","18","36","38","4"
"09/23/2024","1","21","24","27","48","18"
"09/22/2024","5","13","27","35","48","14"
"09/21/2024","7","21","31","41","44","5"
"09/20/2024","2","9","17","18","27","2"
"09/19/2024","11","20","28","35","43","13"
"09/18/2024","10","13","28","43","47","9"
"09/17/2024","10","16","23","29","35","18"
"09/16/2024","1","2","15","17","39","14"
"09/15/2024","1","2","10","22","27","11"
"09/14/2024","5","13","27","28","44","6"
"09/13/2024","14","15","18","33","40","9"
"09/12/2024","23","32","38","41","44","18"
"09/11/2024","12","19","37","43","48","1"
"09/10/2024","30","39","42","45","48","6"
"09/09/2024","16","26","30","35","46","6"
"09/08/2024","9","17","27","42","45","12"
"09/07/2024","3","20","29","34","39","13"
"09/06/2024","3","23","24","25","30","5"
"09/05/2024","2","3","18","23","25","12"
"09/04/2024","4","12","14","40","47","11"
"09/03/2024","25","36","38","39","48","8"
"09/02/2024","3","4","8","28","29","5"
"09/01/2024","17","22","27","35","42","17"
"08/31/2024","2","15","37","45","46","18"
"08/30/2024","3","24","25","30","43","11"
"08/29/2024","7","13","18","23","42","12"
"08/28/2024","4","7","8","17","34","6"
"08/27/2024","1","3","18","23","42","16"
"08/26/2024","12","18","24","40","44","9"
"08/25/2024","8","17","19","29","31","12"
"08/24/2024","13","19","26","33","38","15"
"08/23/2024","17","24","28","34","39","2"
"08/22/2024","2","5","21","45","47","18"
"08/21/2024","9","16","26","42","45","11"
"08/20/2024","8","12","24","39","40","6"
"08/19/2024","15","17","35","40","45","6"
"08/18/2024","2","4","11","32","39","18"
"08/17/2024","22","24","27","42","47","4"
"08/16/2024","5","12","17","21","45","8"
"08/15/2024","3","7","19","24","38","11"
"08/14/2024","7","19","29","30","39","4"
"08/13/2024","6","30","37","42","47","3"
"08/12/2024","3","6","17","24","35","2"
"08/11/2024","3","5","10","12","32","16"
"08/10/2024","3","26","30","37","43","2"
"08/09/2024","19","26","36","42","43","17"
"08/08/2024","3","4","9","33","44","12"
"08/07/2024","3","9","30","45","46","1"
"08/06/2024","4","15","21","22","35","3"
"08/05/2024","20","26","28","33","44","9"
"08/04/2024","10","17","19","29","46","10"
"08/03/2024","8","10","15","17","21","18"
"08/02/2024","11","13","16","27","33","16"
"08/01/2024","3","25","36","41","42","14"
"07/31/2024","10","16","20","31","44","12"
"07/30/2024","19","22","34","41","45","12"
"07/29/2024","18","28","30","32","33","11"
"07/28/2024","2","4","10","26","29","3"
"07/27/2024","9","32","37","40","43","15"
"07/26/2024","1","4","21","37","41","13"
"07/25/2024","2","11","33","46","47","8"
"07/24/2024","15","18","21","25","36","16"
"07/23/2024","1","4","15","25","31","17"
"07/22/2024","17","19","20","28","29","11"
"07/21/2024","2","5","20","36","39","7"
"07/20/2024","14","19","20","35","46","11"
"07/19/2024","4","7","20","26","34","8"
"07/18/2024","9","22","25","35","45","10"
"07/17/2024","7","18","20","39","46","10"
"07/16/2024","21","26","31","34","40","15"
"07/15/2024","1","2","3","20","24","18"
"07/14/2024","9","13","16","20","23","11"
"07/13/2024","8","16","27","33","34","10"
"07/12/2024","1","2","27","34","44","14"
"07/11/2024","3","4","9","17","37","10"
"07/10/2024","2","14","19","22","36","9"
"07/09/2024","25","31","40","41","44","4"
"07/08/2024","2","9","27","37","48","1"
"07/07/2024","7","13","15","30","34","4"
"07/06/2024","3","13","21","29","37","6"
"07/05/2024","7","15","23","41","48","17"
"07/04/2024","3","4","22","33","48","4"
"07/03/2024","10","11","23","35","42","16"
"07/02/2024","9","15","18","28","34","3"
"07/01/2024","13","22","31","47","48","5"
"06/30/2024","6","9","12","24","32","14"
"06/29/2024","10","11","22","25","44","9"
"06/28/2024","10","21","41","43","48","4"
"06/27/2024","5","14","34","46","48","8"
"06/26/2024","5","12","36","39","40","6"
"06/25/2024","15","20","23","33","45","5"
"06/24/2024","20","26","27","29","33","14"
"06/23/2024","3","5","23","43","46","8"
"06/22/2024","12","14","22","38","46","4"
"06/21/2024","4","7","13","29","46","1"
"06/20/2024","22","24","25","28","35","4"
"06/19/2024","10","16","18","19","31","10"
"06/18/2024","5","14","18","37","48","5"
"06/17/2024","15","26","32","38","46","3"
"06/16/2024","1","12","20","38","43","10"
"06/15/2024","2","7","8","12","21","16"
"06/14/2024","6","21","25","33","45","6"
"06/13/2024","1","12","18","23","38","1"
"06/12/2024","3","12","15","19","34","6"
"06/11/2024","12","23","31","44","48","8"
"06/10/2024","7","9","14","23","47","17"
"06/09/2024","2","3","33","39","41","7"
"06/08/2024","3","17","29","31","33","11"
"06/07/2024","3","12","15","25","32","2"
"06/06/2024","21","28","30","31","37","12"
"06/05/2024","1","2","12","30","33","6"
"06/04/2024","8","13","39","42","48","11"
"06/03/2024","8","21","23","39","40","8"
"06/02/2024","8","16","19","20","25","6"
"06/01/2024","22","29","33","36","40","15"
"05/31/2024","10","31","34","42","46","17"
"05/30/2024","9","11","12","14","24","5"
"05/29/2024","9","12","15","41","46","4"
"05/28/2024","9","18","21","37","46","1"
"05/27/2024","2","9","17","19","46","4"
"05/26/2024","2","17","25","26","43","2"
"05/25/2024","2","4","21","26","42","18"
"05/24/2024","13","17","24","29","33","7"
"05/23/2024","4","8","9","28","29","11"
"05/22/2024","5","8","15","17","37","4"
"05/21/2024","5","13","24","41","48","15"
"05/20/2024","12","15","19","20","47","16"
"05/19/2024","6","16","32","34","41","12"
"05/18/2024","18","21","34","37","40","13"
"05/17/2024","2","22","31","34","37","9"
"05/16/2024","12","19","34","39","45","14"
"05/15/2024","12","18","24","38","40","5"
"05/14/2024","9","27","43","44","48","9"
"05/13/2024","13","16","20","39","43","11"
"05/12/2024","8","14","26","29","47","15"
"05/11/2024","3","9","20","23","37","2"
"05/10/2024","24","30","32","35","41","11"
"05/09/2024","3","6","7","22","41","4"
"05/08/2024","17","30","31","33","44","16"
"05/07/2024","9","21","22","33","48","18"
"05/06/2024","10","32","35","43","47","6"
"05/05/2024","1","6","10","16","27","8"
"05/04/2024","1","4","5","6","33","1"
"05/03/2024","15","19","32","34","36","7"
"05/02/2024","7","14","16","37","41","17"
"05/01/2024","2","9","19","21","46","13"
"04/30/2024","7","8","19","36","41","1"
"04/29/2024","12","14","16","25","46","16"
"04/28/2024","4","25","32","35","40","9"
"04/27/2024","16","22","26","31","34","12"
"04/26/2024","11","15","27","28","46","7"
"04/25/2024","3","9","21","31","41","8"
"04/24/2024","4","40","41","45","46","6"
"04/23/2024","11","31","32","36","44","8"
"04/22/2024","33","36","39","40","47","15"
"04/21/2024","23","24","31","33","40","10"
"04/20/2024","17","23","28","33","37","10"
"04/19/2024","5","8","24","28","34","5"
"04/18/2024","4","10","16","44","45","14"
"04/17/2024","6","9","19","27","42","2"
"04/16/2024","20","22","28","41","45","18"
"04/15/2024","11","24","25","44","46","4"
"04/14/2024","6","20","30","37","44","18"
"04/13/2024","15","20","34","36","43","9"
"04/12/2024","1","19","20","34","44","4"
"04/11/2024","4","10","27","33","40","8"
"04/10/2024","2","4","7","12","39","14"
"04/09/2024","1","11","12","19","45","3"
"04/08/2024","4","7","33","34","46","13"
"04/07/2024","2","6","11","39","45","11"
"04/06/2024","4","13","19","24","43","15"
"04/05/2024","3","7","17","30","47","15"
"04/04/2024","5","24","26","27","43","1"
"04/03/2024","30","36","41","42","45","15"
"04/02/2024","6","8","17","22","31","13"
"04/01/2024","2","11","29","43","45","5"
"03/31/2024","1","4","13","26","27","1"
"03/30/2024","17","29","36","38","47","16"
"03/29/2024","8","13","14","42","44","2"
"03/28/2024","9","15","29","38","39","16"
"03/27/2024","3","10","16","37","44","4"
"03/26/2024","18","25","34","39","48","12"
"03/25/2024","1","4","31","39","47","5"
"03/24/2024","5","19","30","37","45","13"
"03/23/2024","1","3","8","13","29","11"
"03/22/2024","18","27","34","35","43","16"
"03/21/2024","10","11","32","40","41","15"
"03/20/2024","23","30","33","37","45","1"
"03/19/2024","2","5","19","26","38","6"
"03/18/2024","8","20","35","36","38","16"
"03/17/2024","1","15","20","43","44","4"
"03/16/2024","1","6","19","27","45","14"
"03/15/2024","13","16","18","19","34","5"
"03/14/2024","7","24","27","29","43","10"
"03/13/2024","27","43","44","45","47","18"
"03/12/2024","3","13","24","36","44","11"
"03/11/2024","24","26","31","38","42","17"
"03/10/2024","1","6","26","36","47","4"
"03/09/2024","12","19","22","42","46","17"
"03/08/2024","24","32","36","40","48","6"
"03/07/2024","14","17","28","31","39","3"
"03/06/2024","13","24","28","36","38","1"
"03/05/2024","7","17","22","25","43","11"
"03/04/2024","3","9","17","30","42","15"
"03/03/2024","3","18","20","42","45","8"
"03/02/2024","1","4","19","26","37","2"
"03/01/2024","1","7","29","36","44","4"
"02/29/2024","15","21","37","41","44","2"
"02/28/2024","2","9","19","28","34","12"
"02/27/2024","10","16","28","45","46","5"
"02/26/2024","1","7","17","38","46","12"
"02/25/2024","3","13","14","17","26","12"
"02/24/2024","14","21","28","33","35","18"
"02/23/2024","7","11","30","35","36","5"
"02/22/2024","2","4","6","34","47","8"
"02/21/2024","20","21","29","43","45","13"
"02/20/2024","5","7","13","37","39","14"
"02/19/2024","7","19","31","34","47","11"
"02/18/2024","18","31","42","46","47","14"
"02/17/2024","21","31","36","37","44","7"
"02/16/2024","4","12","15","36","46","17"
"02/15/2024","17","41","42","45","46","16"
"02/14/2024","4","7","39","42","46","4"
"02/13/2024","5","11","35","41","44","12"
"02/12/2024","3","12","18","39","44","7"
"02/11/2024","1","2","11","24","36","16"
"02/10/2024","13","15","27","31","40","12"
"02/09/2024","8","12","18","27","48","17"
"02/08/2024","7","29","31","38","46","17"
"02/07/2024","14","23","45","47","48","9"
"02/06/2024","16","32","34","36","47","3"
"02/05/2024","7","26","39","43","46","12"
"02/04/2024","10","16","27","33","44","13"
"02/03/2024","8","9","18","31","38","9"
"02/02/2024","1","12","24","37","47","6"
"02/01/2024","16","21","23","26","45","2"
"01/31/2024","2","28","38","43","46","1"
"01/30/2024","1","10","23","36","38","2"
"01/29/2024","14","16","28","30","43","13"
"01/28/2024","4","11","23","25","27","8"
"01/27/2024","9","34","36","39","45","13"
"01/26/2024","2","4","13","30","37","7"
"01/25/2024","2","14","35","37","38","11"
"01/24/2024","2","3","13","19","34","8"
"01/23/2024","5","8","11","38","40","1"
"01/22/2024","7","26","30","31","38","3"
"01/21/2024","11","14","16","32","42","11"
"01/20/2024","9","10","18","23","40","16"
"01/19/2024","17","30","33","36","41","8"
"01/18/2024","20","23","24","34","47","3"
"01/17/2024","3","13","16","29","36","14"
"01/16/2024","8","13","21","22","42","7"
"01/15/2024","3","12","14","25","39","9"
"01/14/2024","20","28","33","38","42","10"
"01/13/2024","3","25","32","36","48","6"
"01/12/2024","4","6","14","33","39","4"
"01/11/2024","9","10","21","24","28","7"
"01/10/2024","2","3","15","22","30","14"
"01/09/2024","5","29","30","39","40","17"
"01/08/2024","9","19","25","33","43","6"
"01/07/2024","6","9","19","39","47","15"
"01/06/2024","8","15","20","38","39","14"
"01/05/2024","15","21","29","35","41","18"
"01/04/2024","10","15","30","45","46","15"
"01/03/2024","3","17","21","25","43","12"
"01/02/2024","10","24","40","44","48","11"
"01/01/2024","6","7","15","31","43","8"
"12/31/2023","3","10","31","39","47","15"
"12/30/2023","6","13","17","37","44","17"
"12/29/2023","11","17","21","40","46","3"
"12/28/2023","12","18","31","36","46","11"
"12/27/2023","8","12","36","38","45","1"
"12/26/2023","8","26","27","29","33","9"
"12/25/2023","4","15","27","29","30","2"
"12/24/2023","2","18","22","39","41","2"
"12/23/2023","3","9","11","14","48","5"
"12/22/2023","12","13","22","31","46","2"
"12/21/2023","8","10","20","21","47","3"
"12/20/2023","1","11","19","34","40","11"
"12/19/2023","7","10","23","31","32","14"
"12/18/2023","9","11","17","32","33","6"
"12/17/2023","6","14","21","37","43","5"
"12/16/2023","12","17","27","36","44","10"
"12/15/2023","5","16","20","23","30","15"
"12/14/2023","11","18","41","46","48","8"
"12/13/2023","8","35","37","39","46","7"
"12/12/2023","28","30","31","34","45","17"
"12/11/2023","13","14","19","31","34","4"
"12/10/2023","11","19","20","37","44","9"
"12/09/2023","1","6","19","28","48","2"
"12/08/2023","26","28","31","33","37","18"
"12/07/2023","3","11","17","18","38","2"
"12/06/2023","4","9","15","25","40","11"
"12/05/2023","11","12","21","22","35","1"
"12/04/2023","1","16","22","39","40","5"
"12/03/2023","11","15","28","36","40","11"
"12/02/2023","3","6","17","45","46","15"
"12/01/2023","15","33","34","41","43","17"
"11/30/2023","7","12","28","37","41","2"
"11/29/2023","16","33","38","39","47","10"
"11/28/2023","9","15","18","31","40","16"
"11/27/2023","6","20","22","26","38","17"
"11/26/2023","5","30","31","33","40","7"
"11/25/2023","3","6","9","21","26","4"
"11/24/2023","3","12","15","38","44","9"
"11/23/2023","7","25","33","43","44","9"
"11/22/2023","7","31","35","39","43","4"
"11/21/2023","23","30","36","37","47","15"
"11/20/2023","5","12","16","31","40","9"
"11/19/2023","11","14","29","42","43","3"
"11/18/2023","1","2","3","27","30","5"
"11/17/2023","5","8","27","33","39","17"
"11/16/2023","11","22","25","29","34","10"
"11/15/2023","5","6","15","20","48","5"
"11/14/2023","20","35","36","44","48","1"
"11/13/2023","8","10","30","45","47","14"
"11/12/2023","2","13","27","28","34","18"
"11/11/2023","10","24","27","31","37","11"
"11/10/2023","6","18","28","31","42","17"
"11/09/2023","2","15","22","35","39","2"
"11/08/2023","11","25","27","42","45","12"
"11/07/2023","1","12","20","37","45","4"
"11/06/2023","9","11","12","20","32","10"
"11/05/2023","1","13","32","45","48","14"
"11/04/2023","10","12","20","28","48","11"
"11/03/2023","11","16","30","34","40","3"
"11/02/2023","10","14","17","27","48","10"
"11/01/2023","16","18","32","36","47","14"
"10/31/2023","28","31","33","40","47","16"
"10/30/2023","3","6","12","14","17","18"
"10/29/2023","17","25","35","40","47","12"
"10/28/2023","2","13","19","44","46","6"
"10/27/2023","8","13","15","29","48","9"
"10/26/2023","9","24","34","39","45","18"
"10/25/2023","1","19","31","32","38","5"
"10/24/2023","2","16","21","29","35","7"
"10/23/2023","11","13","15","22","44","2"
"10/22/2023","24","30","41","46","47","6"
"10/21/2023","2","6","24","27","38","2"
"10/20/2023","2","8","37","39","40","1"
"10/19/2023","12","30","31","35","47","2"
"10/18/2023","14","24","28","39","47","17"
"10/17/2023","2","14","15","21","35","6"
"10/16/2023","9","15","17","18","48","5"
"10/15/2023","4","10","14","38","42","1"
"10/14/2023","19","22","23","27","48","3"
"10/13/2023","8","14","19","21","30","13"
"10/12/2023","11","15","22","28","29","18"
"10/11/2023","23","25","26","37","38","15"
"10/10/2023","3","6","19","35","44","18"
"10/09/2023","9","13","17","30","38","10"
"10/08/2023","1","3","4","11","48","10"
"10/07/2023","10","18","21","29","40","17"
"10/06/2023","7","28","33","37","38","10"
"10/05/2023","15","23","30","40","41","9"
"10/04/2023","11","25","28","43","45","10"
"10/03/2023","3","11","16","18","33","1"
"10/02/2023","9","10","21","38","46","12"
"10/01/2023","11","13","24","29","47","3"
"09/30/2023","23","26","38","43","45","12"
"09/29/2023","12","20","21","33","38","11"
"09/28/2023","16","19","25","30","47","11"
"09/27/2023","15","26","31","33","38","10"
"09/26/2023","12","14","16","32","33","4"
"09/25/2023","2","7","9","11","18","7"
"09/24/2023","6","25","26","28","31","17"
"09/23/2023","15","18","30","44","46","6"
"09/22/2023","8","30","31","40","46","14"
"09/21/2023","8","12","29","32","34","18"
"09/20/2023","8","9","20","31","47","11"
"09/19/2023","1","3","10","23","34","3"
"09/18/2023","2","22","28","31","38","6"
"09/17/2023","11","15","17","24","48","13"
"09/16/2023","8","20","32","38","43","18"
"09/15/2023","2","3","24","36","47","13"
"09/14/2023","9","19","23","26","47","18"
"09/13/2023","2","8","30","32","37","10"
"09/12/2023","3","11","13","26","45","13"
"09/11/2023","7","16","22","34","45","11"
"09/10/2023","9","16","19","20","48","3"
"09/09/2023","11","16","27","38","42","18"
"09/08/2023","1","3","13","35","43","6"
"09/07/2023","12","34","38","46","48","7"
"09/06/2023","6","8","9","31","48","4"
"09/05/2023","3","23","24","31","48","9"
"09/04/2023","2","4","8","16","22","15"
"09/03/2023","9","22","26","35","41","17"
"09/02/2023","14","19","37","46","47","16"
"09/01/2023","18","22","34","39","47","14"
"08/31/2023","1","27","30","39","41","6"
"08/30/2023","6","8","14","39","40","13"
"08/29/2023","9","24","32","42","43","16"
"08/28/2023","5","19","26","40","48","13"
"08/27/2023","38","41","42","45","46","12"
"08/26/2023","10","13","24","30","40","7"
"08/25/2023","4","6","26","41","44","6"
"08/24/2023","5","30","35","40","41","7"
"08/23/2023","5","21","29","33","37","17"
"08/22/2023","5","14","15","33","43","17"
"08/21/2023","2","12","15","28","43","10"
"08/20/2023","2","18","34","41","47","5"
"08/19/2023","7","16","34","35","42","13"
"08/18/2023","7","8","25","36","46","14"
"08/17/2023","5","14","17","24","34","7"
"08/16/2023","13","19","25","33","48","15"
"08/15/2023","1","21","23","28","30","7"
"08/14/2023","6","25","37","39","47","7"
"08/13/2023","3","6","12","37","44","3"
"08/12/2023","11","25","29","30","42","5"
"08/11/2023","5","8","26","32","40","11"
"08/10/2023","8","15","23","38","42","15"
"08/09/2023","13","19","26","27","43","9"
"08/08/2023","9","11","19","36","45","13"
"08/07/2023","4","8","12","37","38","11"
"08/06/2023","4","6","22","25","48","8"
"08/05/2023","18","24","27","43","44","7"
"08/04/2023","3","16","18","42","47","7"
"08/03/2023","5","18","19","25","48","4"
"08/02/2023","4","15","31","39","46","14"
"08/01/2023","13","33","40","42","47","8"
"07/31/2023","8","26","28","30","35","1"
"07/30/2023","5","9","19","44","46","15"
"07/29/2023","9","14","23","30","34","4"
"07/28/2023","2","3","7","21","42","1"
"07/27/2023","19","25","32","36","40","12"
"07/26/2023","4","15","32","34","38","15"
"07/25/2023","2","3","6","7","33","10"
"07/24/2023","3","17","31","35","42","12"
"07/23/2023","8","12","17","19","31","12"
"07/22/2023","15","22","23","30","44","5"
"07/21/2023","1","13","28","30","41","7"
"07/20/2023","12","27","31","39","46","5"
"07/19/2023","12","16","28","32","45","1"
"07/18/2023","4","20","21","47","48","2"
"07/17/2023","2","4","17","30","45","12"
"07/16/2023","3","9","44","46","48","9"
"07/15/2023","6","9","20","21","27","4"
"07/14/2023","6","8","16","19","45","18"
"07/13/2023","19","20","21","22","25","12"
"07/12/2023","15","16","18","20","45","17"
"07/11/2023","3","21","24","28","35","14"
"07/10/2023","6","15","32","34","39","1"
"07/09/2023","6","8","18","19","48","11"
"07/08/2023","17","30","33","36","44","9"
"07/07/2023","2","3","15","16","34","13"
"07/06/2023","5","7","11","12","40","5"
"07/05/2023","8","16","26","30","38","2"
"07/04/2023","3","6","21","41","42","10"
"07/03/2023","12","14","25","29","43","3"
"07/02/2023","1","16","17","31","46","11"
"07/01/2023","3","26","27","29","48","11"
"06/30/2023","1","34","42","45","48","4"
"06/29/2023","5","24","28","38","46","8"
"06/28/2023","14","27","38","40","45","13"
"06/27/2023","1","15","20","31","44","18"
"06/26/2023","1","8","24","29","36","1"
"06/25/2023","16","17","18","35","47","11"
"06/24/2023","2","23","29","32","37","9"
"06/23/2023","15","23","27","38","48","3"
"06/22/2023","11","13","34","35","42","16"
"06/21/2023","2","5","28","30","37","12"
"06/20/2023","10","17","26","28","30","10"
"06/19/2023","15","17","22","43","45","10"
"06/18/2023","6","12","14","17","41","15"
"06/17/2023","14","29","30","40","44","18"
"06/16/2023","2","6","34","38","46","2"
"06/15/2023","6","7","26","44","47","6"
"06/14/2023","6","16","28","34","45","18"
"06/13/2023","3","10","11","14","21","2"
"06/12/2023","9","26","27","35","41","17"
"06/11/2023","14","23","24","36","47","5"
"06/10/2023","2","17","19","29","34","10"
"06/09/2023","3","15","17","21","35","15"
"06/08/2023","12","32","38","42","46","6"
"06/07/2023","1","5","18","43","47","13"
"06/06/2023","3","35","38","43","47","15"
"06/05/2023","15","20","23","33","46","17"
"06/04/2023","13","15","20","35","41","2"
"06/03/2023","16","19","20","42","46","12"
"06/02/2023","17","22","26","31","48","18"
"06/01/2023","2","15","17","22","28","11"
"05/31/2023","10","19","43","45","47","11"
"05/30/2023","25","28","35","43","46","2"
"05/29/2023","14","17","32","33","44","14"
"05/28/2023","2","10","21","36","44","9"
"05/27/2023","1","3","12","35","45","5"
"05/26/2023","2","12","27","32","38","14"
"05/25/2023","10","20","30","45","48","3"
"05/24/2023","1","25","26","46","47","18"
"05/23/2023","16","22","24","26","27","8"
"05/22/2023","17","25","37","40","41","1"
"05/21/2023","9","11","18","22","27","9"
"05/20/2023","13","23","30","34","39","13"
"05/19/2023","1","10","28","30","40","16"
"05/18/2023","10","16","23","36","38","1"
"05/17/2023","15","22","28","29","41","6"
"05/16/2023","1","14","18","23","34","6"
"05/15/2023","1","13","17","34","41","11"
"05/14/2023","5","10","28","45","48","8"
"05/13/2023","10","12","16","23","32","2"
"05/12/2023","1","2","13","24","35","14"
"05/11/2023","10","16","34","40","47","5"
"05/10/2023","8","9","35","37","40","14"
"05/09/2023","6","12","15","41","46","8"
"05/08/2023","3","15","31","33","44","14"
"05/07/2023","3","6","7","19","42","2"
"05/06/2023","24","32","35","38","42","2"
"05/05/2023","6","9","28","37","39","3"
"05/04/2023","8","9","13","19","43","17"
"05/03/2023","4","8","12","36","46","13"
"05/02/2023","29","30","34","46","48","12"
"05/01/2023","7","10","14","16","26","2"
"04/30/2023","8","11","30","37","47","13"
"04/29/2023","17","19","34","36","37","8"
"04/28/2023","9","31","32","34","47","15"
"04/27/2023","6","11","12","34","42","9"
"04/26/2023","20","26","28","38","43","12"
"04/25/2023","17","28","33","40","42","15"
"04/24/2023","17","18","21","25","42","13"
"04/23/2023","16","21","31","33","36","12"
"04/22/2023","5","18","38","41","45","13"
"04/21/2023","4","7","8","25","29","2"
"04/20/2023","1","5","18","33","48","9"
"04/19/2023","2","3","18","23","31","10"
"04/18/2023","15","19","22","23","34","10"
"04/17/2023","3","6","12","38","46","12"
"04/16/2023","6","21","29","34","47","18"
"04/15/2023","6","10","22","23","33","16"
"04/14/2023","3","15","38","40","44","3"
"04/13/2023","4","11","19","28","37","12"
"04/12/2023","12","17","21","31","46","1"
"04/11/2023","1","5","9","33","47","16"
"04/10/2023","3","5","6","17","21","18"
"04/09/2023","12","15","28","35","37","7"
"04/08/2023","1","16","18","20","41","5"
"04/07/2023","21","25","31","42","48","11"
"04/06/2023","3","10","17","33","36","6"
"04/05/2023","6","13","17","25","33","15"
"04/04/2023","10","13","20","22","25","8"
"04/03/2023","2","13","21","45","46","16"
"04/02/2023","3","6","18","22","40","5"
"04/01/2023","1","12","25","39","45","3"
"03/31/2023","16","19","28","31","34","4"
"03/30/2023","10","27","34","36","48","13"
"03/29/2023","17","22","29","30","47","15"
"03/28/2023","7","9","16","28","30","5"
"03/27/2023","13","24","26","36","47","5"
"03/26/2023","20","30","33","40","47","13"
"03/25/2023","9","11","20","22","48","14"
"03/24/2023","1","8","30","31","43","17"
"03/23/2023","3","7","24","26","48","12"
"03/22/2023","7","19","30","33","44","18"
"03/21/2023","7","25","36","38","43","3"
"03/20/2023","1","6","12","31","38","7"
"03/19/2023","23","27","30","37","47","3"
"03/18/2023","8","18","19","29","41","4"
"03/17/2023","26","29","35","39","48","5"
"03/16/2023","5","22","28","34","45","7"
"03/15/2023","16","20","21","39","40","15"
"03/14/2023","2","3","14","18","47","4"
"03/13/2023","3","9","20","27","37","15"
"03/12/2023","9","27","32","37","43","1"
"03/11/2023","3","7","10","28","35","17"
"03/10/2023","11","14","24","29","43","6"
"03/09/2023","28","39","43","44","47","18"
"03/08/2023","1","16","31","36","44","5"
"03/07/2023","10","28","30","37","38","1"
"03/06/2023","3","7","24","25","28","4"
"03/05/2023","1","7","10","25","43","11"
"03/04/2023","4","7","15","17","30","5"
"03/03/2023","9","12","35","37","44","15"
"03/02/2023","10","13","33","40","47","15"
"03/01/2023","6","11","19","35","46","7"
"02/28/2023","1","20","32","41","44","14"
"02/27/2023","2","3","17","38","40","8"
"02/26/2023","5","9","18","35","38","9"
"02/25/2023","26","28","38","42","46","1"
"02/24/2023","17","22","24","30","44","5"
"02/23/2023","1","7","20","21","38","15"
"02/22/2023","7","26","37","39","47","6"
"02/21/2023","19","22","35","41","48","7"
"02/20/2023","8","12","41","42","47","1"
"02/19/2023","8","16","31","39","47","7"
"02/18/2023","9","10","22","24","34","10"
"02/17/2023","24","33","36","42","47","14"
"02/16/2023","6","11","40","42","45","10"
"02/15/2023","9","16","28","35","44","1"
"02/14/2023","7","21","27","41","44","13"
"02/13/2023","1","8","15","39","48","7"
"02/12/2023","8","9","21","22","32","18"
"02/11/2023","1","12","13","36","48","6"
"02/10/2023","10","11","12","18","27","18"
"02/09/2023","17","33","35","38","48","3"
"02/08/2023","2","10","32","37","40","5"
"02/07/2023","3","7","18","31","32","4"
"02/06/2023","1","5","15","39","46","16"
"02/05/2023","2","16","23","43","47","3"
"02/04/2023","14","24","30","44","47","18"
"02/03/2023","2","20","31","34","48","3"
"02/02/2023","10","17","22","42","46","13"
"02/01/2023","11","19","31","33","46","10"
"01/31/2023","2","3","10","15","22","12"
"01/30/2023","9","16","34","46","47","13"
"01/29/2023","15","16","21","23","46","6"
"01/28/2023","2","5","35","38","45","9"
"01/27/2023","4","5","7","39","42","10"
"01/26/2023","15","17","26","29","35","9"
"01/25/2023","19","22","29","41","43","13"
"01/24/2023","1","25","28","39","47","10"
"01/23/2023","1","2","26","36","38","1"
"01/22/2023","7","9","13","24","44","5"
"01/21/2023","6","10","11","29","35","7"
"01/20/2023","2","10","28","30","44","13"
"01/19/2023","6","8","12","21","42","6"
"01/18/2023","12","27","35","42","44","6"
"01/17/2023","3","4","25","35","48","18"
"01/16/2023","11","17","25","31","38","17"
"01/15/2023","5","8","13","41","44","10"
"01/14/2023","4","7","16","22","40","8"
"01/13/2023","3","17","21","24","44","10"
"01/12/2023","3","12","17","42","45","6"
"01/11/2023","24","39","41","42","45","6"
"01/10/2023","7","15","29","41","43","5"
"01/09/2023","3","5","24","26","31","5"
"01/08/2023","6","18","32","42","47","9"
"01/07/2023","4","5","13","22","44","8"
"01/06/2023","7","18","24","33","43","6"
"01/05/2023","7","15","23","32","40","2"
"01/04/2023","2","5","11","13","40","15"
"01/03/2023","14","24","34","45","47","1"
"01/02/2023","4","12","15","25","44","1"
"01/01/2023","1","4","7","14","36","11"
"12/31/2022","2","5","37","39","40","14"
"12/30/2022","8","13","35","42","47","1"
"12/29/2022","7","9","11","23","32","12"
"12/28/2022","7","10","14","15","41","8"
"12/27/2022","9","19","35","42","43","6"
"12/26/2022","17","18","22","37","43","16"
"12/25/2022","9","25","34","41","48","18"
"12/24/2022","4","7","15","25","36","7"
"12/23/2022","5","12","30","37","41","17"
"12/22/2022","8","16","24","27","38","1"
"12/21/2022","1","5","21","27","38","3"
"12/20/2022","22","23","26","34","39","17"
"12/19/2022","10","12","23","32","45","11"
"12/18/2022","11","19","20","25","34","18"
"12/17/2022","8","12","36","39","47","14"
"12/16/2022","1","22","30","32","34","18"
"12/15/2022","2","10","19","35","46","15"
"12/14/2022","2","4","6","17","20","5"
"12/13/2022","4","5","10","20","34","6"
"12/12/2022","13","15","29","36","44","8"
"12/11/2022","4","15","28","32","45","18"
"12/10/2022","2","16","30","39","41","9"
"12/09/2022","4","23","31","44","46","5"
"12/08/2022","2","4","14","29","40","8"
"12/07/2022","2","23","32","44","48","2"
"12/06/2022","11","16","22","31","42","18"
"12/05/2022","15","19","20","38","48","15"
"12/04/2022","4","8","22","38","43","12"
"12/03/2022","1","7","13","30","40","3"
"12/02/2022","4","8","20","25","34","16"
"12/01/2022","4","10","27","42","48","1"
"11/30/2022","5","6","11","15","30","9"
"11/29/2022","17","18","26","27","48","13"
"11/28/2022","17","21","35","36","42","9"
"11/27/2022","2","25","27","30","39","12"
"11/26/2022","5","12","18","19","31","4"
"11/25/2022","1","6","23","36","42","1"
"11/24/2022","12","15","22","25","43","10"
"11/23/2022","20","21","24","34","37","14"
"11/22/2022","8","11","13","20","28","4"
"11/21/2022","1","2","5","33","38","12"
"11/20/2022","19","24","35","43","47","5"
"11/19/2022","1","21","34","39","44","10"
"11/18/2022","20","24","26","33","41","18"
"11/17/2022","13","14","22","23","30","3"
"11/16/2022","1","16","21","32","44","8"
"11/15/2022","17","28","33","34","36","11"
"11/14/2022","4","15","19","36","43","17"
"11/13/2022","20","21","24","33","45","2"
"11/12/2022","2","12","26","29","35","18"
"11/11/2022","2","23","29","42","46","1"
"11/10/2022","12","30","34","36","43","16"
"11/09/2022","3","5","9","36","41","1"
"11/08/2022","15","17","33","37","40","6"
"11/07/2022","11","12","15","34","43","15"
"11/06/2022","1","7","17","32","36","4"
"11/05/2022","8","18","20","45","47","15"
"11/04/2022","7","14","15","36","43","2"
"11/03/2022","14","19","26","32","36","6"
"11/02/2022","6","10","16","26","42","9"
"11/01/2022","1","6","10","35","45","1"
"10/31/2022","3","13","16","19","28","3"
"10/30/2022","25","27","28","34","44","7"
"10/29/2022","11","12","39","41","44","11"
"10/28/2022","14","18","22","37","43","13"
"10/27/2022","15","28","29","37","43","6"
"10/26/2022","18","21","22","35","38","18"
"10/25/2022","17","30","40","41","45","1"
"10/24/2022","1","5","9","31","38","3"
"10/23/2022","33","42","44","47","48","15"
"10/22/2022","1","10","32","37","41","8"
"10/21/2022","14","20","27","47","48","3"
"10/20/2022","3","27","33","40","41","12"
"10/19/2022","1","6","26","28","31","8"
"10/18/2022","2","18","28","29","43","4"
"10/17/2022","12","19","24","27","38","11"
"10/16/2022","6","14","15","20","33","1"
"10/15/2022","8","15","25","34","43","13"
"10/14/2022","8","13","26","33","37","4"
"10/13/2022","9","17","27","42","48","14"
"10/12/2022","10","14","15","17","30","2"
"10/11/2022","11","14","20","23","26","2"
"10/10/2022","15","16","20","28","40","9"
"10/09/2022","18","24","25","27","29","17"
"10/08/2022","6","18","33","38","39","17"
"10/07/2022","7","9","13","16","18","1"
"10/06/2022","8","13","17","21","45","15"
"10/05/2022","1","14","32","45","46","1"
"10/04/2022","21","25","32","37","40","17"
"10/03/2022","2","9","27","33","40","1"
"10/02/2022","1","3","10","12","13","2"
"10/01/2022","11","24","29","32","38","6"
"09/30/2022","5","14","23","27","48","10"
"09/29/2022","3","10","11","27","30","5"
"09/28/2022","2","4","25","44","46","13"
"09/27/2022","2","10","38","42","47","4"
"09/26/2022","5","12","18","21","27","11"
"09/25/2022","4","5","17","39","41","15"
"09/24/2022","10","18","23","31","46","3"
"09/23/2022","10","14","17","42","43","11"
"09/22/2022","4","10","28","31","41","6"
"09/21/2022","8","19","25","28","35","10"
"09/20/2022","5","26","28","37","42","10"
"09/19/2022","4","6","11","15","42","10"
"09/18/2022","4","5","8","16","19","9"
"09/17/2022","11","12","23","31","45","3"
"09/16/2022","23","33","34","35","42","14"
"09/15/2022","2","18","27","41","45","9"
"09/14/2022","4","12","25","39","43","7"
"09/13/2022","12","15","28","29","48","4"
"09/12/2022","4","6","16","41","46","11"
"09/11/2022","3","5","28","33","43","18"
"09/10/2022","20","23","29","30","34","15"
"09/09/2022","8","16","23","34","42","17"
"09/08/2022","4","11","17","25","26","3"
"09/07/2022","2","27","37","40","42","5"
"09/06/2022","3","8","39","44","47","3"
"09/05/2022","5","10","21","37","39","12"
"09/04/2022","10","11","29","45","48","4"
"09/03/2022","6","8","14","25","42","6"
"09/02/2022","1","12","17","28","44","14"
"09/01/2022","1","10","24","26","30","9"
"08/31/2022","5","23","26","29","36","10"
"08/30/2022","8","15","19","46","47","18"
"08/29/2022","2","6","24","32","39","11"
"08/28/2022","4","5","35","37","48","2"
"08/27/2022","1","5","10","33","38","9"
"08/26/2022","2","8","16","30","45","1"
"08/25/2022","5","6","9","27","30","8"
"08/24/2022","23","26","30","38","40","12"
"08/23/2022","4","5","21","27","48","4"
"08/22/2022","6","7","15","41","43","2"
"08/21/2022","17","19","22","31","35","8"
"08/20/2022","3","38","43","44","48","18"
"08/19/2022","25","30","40","43","44","3"
"08/18/2022","7","13","17","22","25","4"
"08/17/2022","4","7","27","37","42","15"
"08/16/2022","26","33","41","45","46","10"
"08/15/2022","1","22","26","28","47","13"
"08/14/2022","1","3","15","17","37","13"
"08/13/2022","13","26","34","37","48","2"
"08/12/2022","15","26","28","38","42","5"
"08/11/2022","3","8","15","43","46","6"
"08/10/2022","6","19","21","44","45","3"
"08/09/2022","21","37","42","46","47","12"
"08/08/2022","4","21","34","37","48","11"
"08/07/2022","7","12","31","37","44","1"
"08/06/2022","10","16","32","45","47","10"
"08/05/2022","19","27","36","39","42","17"
"08/04/2022","16","21","26","43","45","13"
"08/03/2022","1","17","25","27","42","10"
"08/02/2022","5","20","24","26","33","17"
"08/01/2022","1","5","14","22","41","15"
"07/31/2022","1","7","8","18","38","1"
"07/30/2022","8","24","33","44","46","6"
"07/29/2022","3","11","15","16","45","1"
"07/28/2022","5","15","20","37","46","9"
"07/27/2022","4","16","29","34","39","10"
"07/26/2022","5","7","16","38","44","9"
"07/25/2022","3","27","33","35","45","2"
"07/24/2022","11","27","37","38","48","16"
"07/23/2022","2","12","16","32","44","9"
"07/22/2022","3","20","33","37","39","11"
"07/21/2022","19","24","25","29","31","8"
"07/20/2022","6","36","38","46","47","10"
"07/19/2022","2","8","19","25","43","17"
"07/18/2022","4","9","16","36","43","9"
"07/17/2022","2","4","18","22","41","1"
"07/16/2022","13","14","34","37","43","18"
"07/15/2022","4","5","10","22","36","14"
"07/14/2022","4","14","16","34","39","3"
"07/13/2022","2","23","28","33","34","11"
"07/12/2022","8","14","23","47","48","9"
"07/11/2022","13","14","20","27","34","8"
"07/10/2022","1","17","24","35","40","7"
"07/09/2022","14","21","31","35","41","7"
"07/08/2022","2","20","25","34","43","12"
"07/07/2022","2","28","33","34","43","16"
"07/06/2022","1","6","15","35","42","18"
"07/05/2022","8","15","23","33","48","7"
"07/04/2022","5","7","8","15","30","10"
"07/03/2022","20","23","29","41","48","13"
"07/02/2022","3","13","16","18","27","9"
"07/01/2022","13","28","30","36","37","18"
"06/30/2022","4","16","19","24","46","1"
"06/29/2022","16","17","20","31","42","4"
"06/28/2022","1","14","38","45","48","5"
"06/27/2022","2","12","16","29","40","13"
"06/26/2022","6","21","24","35","48","3"
"06/25/2022","9","11","30","45","46","17"
"06/24/2022","15","18","28","41","44","17"
"06/23/2022","10","12","20","22","47","14"
"06/22/2022","20","24","31","34","47","4"
"06/21/2022","2","19","22","27","36","6"
"06/20/2022","8","22","27","32","38","12"
"06/19/2022","2","16","23","38","47","9"
"06/18/2022","12","15","16","25","47","10"
"06/17/2022","6","13","21","31","40","1"
"06/16/2022","6","14","23","36","40","6"
"06/15/2022","13","17","19","32","37","13"
"06/14/2022","18","24","25","29","37","9"
"06/13/2022","9","16","17","24","27","4"
"06/12/2022","1","16","26","27","44","3"
"06/11/2022","11","16","31","37","41","2"
"06/10/2022","12","18","26","37","39","8"
"06/09/2022","2","12","16","33","35","10"
"06/08/2022","5","14","16","25","26","10"
"06/07/2022","4","10","15","23","47","9"
"06/06/2022","9","21","24","29","36","15"
"06/05/2022","11","19","21","39","46","14"
"06/04/2022","3","6","12","34","45","9"
"06/03/2022","2","30","32","40","46","16"
"06/02/2022","3","28","32","38","39","18"
"06/01/2022","11","15","26","35","44","4"
"05/31/2022","1","6","11","35","46","18"
"05/30/2022","7","24","32","34","36","5"
"05/29/2022","6","15","29","35","38","9"
"05/28/2022","3","21","31","37","40","5"
"05/27/2022","2","3","17","38","47","1"
"05/26/2022","24","26","27","39","46","15"
"05/25/2022","11","12","28","30","37","1"
"05/24/2022","1","3","26","39","46","10"
"05/23/2022","1","2","6","30","46","12"
"05/22/2022","7","11","25","31","46","18"
"05/21/2022","13","17","31","41","47","13"
"05/20/2022","3","19","43","44","48","2"
"05/19/2022","15","16","18","23","25","14"
"05/18/2022","13","28","36","37","42","8"
"05/17/2022","5","16","29","31","32","14"
"05/16/2022","2","10","11","18","22","17"
"05/15/2022","4","7","13","25","40","13"
"05/14/2022","4","9","13","33","44","3"
"05/13/2022","6","9","13","28","38","18"
"05/12/2022","15","21","23","32","45","12"
"05/11/2022","2","20","30","31","39","15"
"05/10/2022","1","13","18","22","45","7"
"05/09/2022","12","19","30","34","39","15"
"05/08/2022","18","19","24","29","47","10"
"05/07/2022","10","23","24","38","41","8"
"05/06/2022","7","17","23","35","46","14"
"05/05/2022","10","12","21","33","34","4"
"05/04/2022","14","20","21","34","44","14"
"05/03/2022","5","8","11","33","34","14"
"05/02/2022","2","12","32","35","43","14"
"05/01/2022","7","8","19","36","38","10"
"04/30/2022","3","5","7","33","45","17"
"04/29/2022","8","15","20","32","39","15"
"04/28/2022","17","19","20","26","45","17"
"04/27/2022","4","6","13","24","41","16"
"04/26/2022","2","22","35","38","39","2"
"04/25/2022","8","18","32","36","43","4"
"04/24/2022","11","13","28","30","37","4"
"04/23/2022","2","29","30","37","42","14"
"04/22/2022","2","5","20","41","47","8"
"04/21/2022","6","11","12","30","31","3"
"04/20/2022","11","17","28","32","42","2"
"04/19/2022","1","26","38","41","42","11"
"04/18/2022","2","14","28","41","48","11"
"04/17/2022","4","7","10","16","23","12"
"04/16/2022","6","27","28","35","44","3"
"04/15/2022","1","21","22","46","48","9"
"04/14/2022","5","13","15","30","37","10"
"04/13/2022","10","26","38","39","40","18"
"04/12/2022","1","14","15","31","32","18"
"04/11/2022","1","8","38","41","43","6"
"04/10/2022","7","8","10","17","32","16"
"04/09/2022","1","4","10","26","42","11"
"04/08/2022","6","16","20","36","39","7"
"04/07/2022","8","24","27","30","33","14"
"04/06/2022","3","5","10","18","23","4"
"04/05/2022","1","15","28","29","41","9"
"04/04/2022","16","18","29","32","33","3"
"04/03/2022","10","20","21","32","36","11"
"04/02/2022","19","23","32","34","39","16"
"04/01/2022","6","16","25","40","47","9"
"03/31/2022","8","20","36","41","45","17"
"03/30/2022","5","37","38","46","48","9"
"03/29/2022","6","15","16","22","47","6"
"03/28/2022","13","31","34","35","37","3"
"03/27/2022","1","5","11","25","42","7"
"03/26/2022","13","23","28","34","39","4"
"03/25/2022","28","30","32","33","39","2"
"03/24/2022","11","12","19","26","46","12"
"03/23/2022","1","3","28","34","42","6"
"03/22/2022","9","11","26","34","36","6"
"03/21/2022","8","11","40","43","46","10"
"03/20/2022","7","8","26","31","39","1"
"03/19/2022","6","13","16","37","41","18"
"03/18/2022","1","3","22","29","37","3"
"03/17/2022","10","26","28","42","45","6"
"03/16/2022","2","3","6","33","46","12"
"03/15/2022","25","33","34","35","46","2"
"03/14/2022","3","10","12","22","47","14"
"03/13/2022","4","7","9","15","28","11"
"03/12/2022","3","4","6","21","23","16"
"03/11/2022","9","22","29","30","47","10"
"03/10/2022","1","7","18","41","42","3"
"03/09/2022","6","12","25","38","47","11"
"03/08/2022","1","8","17","26","41","11"
"03/07/2022","8","13","19","21","34","11"
"03/06/2022","15","29","34","44","46","8"
"03/05/2022","7","10","24","35","46","12"
"03/04/2022","5","8","30","33","39","5"
"03/03/2022","5","14","18","20","29","9"
"03/02/2022","12","20","30","32","46","16"
"03/01/2022","15","21","30","31","35","18"
"02/28/2022","3","26","29","30","35","15"
"02/27/2022","7","8","33","39","47","1"
"02/26/2022","30","40","44","47","48","15"
"02/25/2022","9","23","25","32","38","14"
"02/24/2022","1","2","5","10","34","6"
"02/23/2022","1","21","22","28","32","1"
"02/22/2022","7","23","24","28","48","15"
"02/21/2022","10","19","35","43","45","11"
"02/20/2022","12","15","24","35","48","3"
"02/19/2022","5","6","14","37","41","17"
"02/18/2022","1","3","23","42","45","6"
"02/17/2022","9","29","33","38","41","1"
"02/16/2022","1","2","7","32","40","16"
"02/15/2022","25","27","28","31","38","9"
"02/14/2022","3","10","20","27","41","7"
"02/13/2022","4","14","18","19","37","4"
"02/12/2022","13","25","27","39","45","16"
"02/11/2022","5","7","16","19","43","3"
"02/10/2022","8","16","25","28","48","9"
"02/09/2022","8","16","22","23","40","15"
"02/08/2022","3","10","14","16","29","6"
"02/07/2022","6","28","36","39","41","16"
"02/06/2022","24","25","33","37","40","8"
"02/05/2022","4","18","25","43","45","12"
"02/04/2022","19","20","22","28","41","11"
"02/03/2022","6","14","16","25","36","4"
"02/02/2022","3","5","11","32","40","16"
"02/01/2022","4","10","20","25","36","17"
"01/31/2022","3","27","28","35","41","7"
"01/30/2022","4","11","23","24","31","11"
"01/29/2022","3","28","31","35","46","6"
"01/28/2022","11","21","27","32","48","7"
"01/27/2022","16","23","27","34","40","7"
"01/26/2022","10","11","15","18","22","3"
"01/25/2022","19","30","32","36","41","12"
"01/24/2022","9","22","25","29","31","1"
"01/23/2022","7","20","34","37","43","10"
"01/22/2022","9","15","17","21","48","5"
"01/21/2022","4","23","25","28","35","16"
"01/20/2022","4","25","27","33","43","5"
"01/19/2022","17","20","24","40","42","9"
"01/18/2022","4","31","36","37","43","16"
"01/17/2022","9","29","33","38","45","2"
"01/16/2022","5","10","18","28","48","13"
"01/15/2022","2","9","25","28","36","15"
"01/14/2022","2","12","14","36","40","3"
"01/13/2022","3","10","24","27","37","17"
"01/12/2022","3","27","29","33","48","7"
"01/11/2022","2","5","8","18","43","16"
"01/10/2022","7","14","32","43","48","2"
"01/09/2022","3","10","28","38","46","16"
"01/08/2022","10","32","44","45","47","16"
"01/07/2022","5","9","22","28","44","2"
"01/06/2022","8","10","12","17","23","10"
"01/05/2022","5","8","22","37","43","8"
"01/04/2022","7","8","13","29","40","3"
"01/03/2022","7","12","19","22","30","1"
"01/02/2022","3","5","12","36","40","1"
"01/01/2022","10","13","19","36","48","12"
"12/31/2021","19","36","37","39","41","8"
"12/30/2021","7","15","19","26","32","9"
"12/29/2021","9","19","21","33","48","8"
"12/28/2021","4","6","14","33","41","9"
"12/27/2021","12","14","28","37","47","8"
"12/26/2021","4","16","27","28","46","9"
"12/25/2021","2","5","7","29","44","8"
"12/24/2021","2","9","22","38","42","8"
"12/23/2021","18","20","22","24","35","13"
"12/22/2021","4","29","32","35","46","17"
"12/21/2021","2","10","18","26","31","14"
"12/20/2021","17","21","31","35","45","6"
"12/19/2021","9","16","42","44","48","14"
"12/18/2021","4","7","27","43","44","6"
"12/17/2021","6","7","25","28","45","16"
"12/16/2021","8","10","17","38","48","4"
"12/15/2021","10","23","26","30","39","7"
"12/14/2021","10","23","24","28","45","18"
"12/13/2021","3","9","20","24","43","16"
"12/12/2021","7","21","35","41","44","17"
"12/11/2021","8","9","16","31","44","17"
"12/10/2021","23","29","35","36","39","8"
"12/09/2021","8","21","23","25","41","16"
"12/08/2021","5","20","24","40","43","16"
"12/07/2021","24","31","41","43","44","15"
"12/06/2021","1","8","11","26","39","10"
"12/05/2021","7","14","18","19","41","7"
"12/04/2021","9","18","23","30","47","16"
"12/03/2021","3","12","14","25","44","7"
"12/02/2021","8","23","29","34","48","1"
"12/01/2021","4","6","32","36","40","8"
"11/30/2021","9","25","29","40","42","14"
"11/29/2021","16","17","22","25","29","13"
"11/28/2021","9","14","24","29","30","7"
"11/27/2021","2","6","7","11","19","1"
"11/26/2021","1","13","20","34","48","9"
"11/25/2021","10","12","14","36","41","11"
"11/24/2021","5","6","9","29","30","4"
"11/23/2021","6","11","14","16","41","14"
"11/22/2021","5","7","8","14","35","8"
"11/21/2021","3","11","17","20","28","5"
"11/20/2021","12","22","24","26","30","11"
"11/19/2021","3","4","9","19","40","11"
"11/18/2021","10","32","36","42","46","16"
"11/17/2021","7","11","24","28","29","9"
"11/16/2021","1","12","23","30","47","2"
"11/15/2021","5","12","14","28","34","3"
"11/14/2021","1","8","21","22","27","11"
"11/13/2021","1","29","33","36","38","5"
"11/12/2021","7","15","21","22","35","12"
"11/11/2021","21","27","34","36","47","15"
"11/10/2021","7","8","20","35","47","1"
"11/09/2021","5","9","10","12","34","15"
"11/08/2021","23","24","33","40","43","14"
"11/07/2021","15","18","24","30","42","10"
"11/06/2021","23","24","27","32","33","10"
"11/05/2021","1","2","11","35","40","1"
"11/04/2021","6","9","12","23","41","8"
"11/03/2021","7","19","25","32","45","3"
"11/02/2021","8","19","26","38","39","6"
"11/01/2021","4","27","28","29","47","8"
"10/31/2021","5","7","11","21","29","15"
"10/30/2021","5","19","22","36","37","10"
"10/29/2021","1","14","24","42","45","9"
"10/28/2021","21","23","24","44","46","13"
"10/27/2021","14","23","39","42","44","17"
"10/26/2021","9","11","15","25","37","7"
"10/25/2021","13","25","27","35","39","9"
"10/24/2021","3","20","21","32","38","6"
"10/23/2021","5","12","19","33","44","6"
"10/22/2021","1","3","14","21","28","10"
"10/21/2021","6","13","17","25","28","2"
"10/20/2021","6","20","21","31","42","3"
"10/19/2021","1","8","22","28","44","7"
"10/18/2021","9","17","18","25","47","16"
"10/17/2021","5","11","24","42","43","3"
"10/16/2021","20","33","38","39","40","6"
"10/15/2021","5","15","21","32","45","6"
"10/14/2021","20","28","32","38","45","5"
"10/13/2021","13","16","18","23","33","17"
"10/12/2021","1","6","8","25","31","17"
"10/11/2021","4","17","20","22","40","9"
"10/10/2021","7","23","27","33","43","15"
"10/09/2021","12","27","28","30","33","9"
"10/08/2021","6","22","24","29","46","1"
"10/07/2021","2","7","21","34","41","5"
"10/06/2021","8","14","23","44","45","17"
"10/05/2021","18","20","33","44","46","10"
"10/04/2021","2","3","29","37","39","17"
"10/03/2021","15","35","36","39","46","9"
"10/02/2021","1","12","24","25","37","2"
"10/01/2021","2","15","38","43","47","10"
"09/30/2021","12","23","32","38","47","11"
"09/29/2021","9","26","40","41","45","6"
"09/28/2021","2","17","23","38","42","14"
"09/27/2021","1","13","17","40","45","12"
"09/26/2021","7","23","28","30","39","5"
"09/25/2021","6","16","24","33","34","5"
"09/24/2021","7","18","20","31","40","12"
"09/23/2021","13","27","32","39","41","2"
"09/22/2021","11","34","38","43","46","6"
"09/21/2021","1","5","37","44","48","6"
"09/20/2021","22","35","38","40","41","1"
"09/19/2021","3","4","31","37","43","6"
"09/18/2021","4","10","26","30","47","6"
"09/17/2021","8","12","35","36","45","2"
"09/16/2021","1","18","19","34","39","15"
"09/15/2021","21","22","32","45","48","14"
"09/14/2021","17","22","24","37","48","18"
"09/13/2021","5","7","22","28","30","5"
"09/12/2021","1","3","11","13","34","1"
"09/11/2021","4","5","22","29","39","14"
"09/10/2021","1","6","19","21","28","2"
"09/09/2021","1","2","4","34","39","2"
"09/08/2021","2","5","15","35","44","14"
"09/07/2021","8","14","16","32","38","15"
"09/06/2021","3","6","18","38","44","8"
"09/05/2021","4","21","23","36","42","3"
"09/04/2021","20","22","23","33","40","16"
"09/03/2021","7","16","28","36","44","12"
"09/02/2021","6","21","22","27","41","13"
"09/01/2021","7","21","23","26","36","3"
"08/31/2021","6","15","27","36","37","4"
"08/30/2021","13","22","28","30","44","11"
"08/29/2021","4","19","30","42","48","16"
"08/28/2021","2","6","8","11","38","2"
"08/27/2021","4","8","17","35","39","4"
"08/26/2021","9","12","31","36","45","14"
"08/25/2021","9","24","33","40","48","11"
"08/24/2021","4","10","13","24","44","12"
"08/23/2021","4","6","24","32","45","12"
"08/22/2021","5","8","15","23","39","14"
"08/21/2021","1","10","23","27","33","4"
"08/20/2021","8","24","36","39","45","6"
"08/19/2021","11","12","16","38","48","11"
"08/18/2021","18","21","22","31","33","6"
"08/17/2021","2","10","25","29","48","6"
"08/16/2021","3","13","39","40","44","15"
"08/15/2021","16","23","26","29","46","11"
"08/14/2021","28","34","39","42","45","4"
"08/13/2021","6","10","16","26","31","18"
"08/12/2021","1","9","19","20","31","9"
"08/11/2021","1","17","21","24","27","14"
"08/10/2021","15","22","34","44","48","9"
"08/09/2021","2","4","19","35","48","9"
"08/08/2021","1","14","23","29","31","6"
"08/07/2021","2","35","41","43","44","16"
"08/06/2021","1","4","6","25","26","1"
"08/05/2021","5","15","36","44","46","17"
"08/04/2021","37","1","25","36","30","2"
"08/03/2021","18","45","10","15","41","10"
"08/02/2021","4","5","38","36","24","2"
"08/01/2021","30","7","46","32","48","13"
"07/31/2021","42","7","26","36","29","6"
"07/30/2021","6","44","48","46","41","13"
"07/29/2021","4","9","10","39","2","7"
"07/28/2021","26","48","20","17","44","5"
"07/27/2021","7","47","31","48","33","17"
"07/26/2021","39","46","42","26","8","7"
"07/25/2021","6","27","46","43","12","15"
"07/24/2021","12","33","13","26","42","9"
"07/23/2021","15","17","24","29","5","14"
"07/22/2021","29","28","34","20","33","4"
"07/21/2021","5","44","36","30","42","5"
"07/20/2021","31","6","16","8","46","13"
"07/19/2021","11","46","48","38","42","1"
"07/15/2021","5","15","14","10","19","8"
"07/12/2021","12","24","11","46","22","13"
"07/08/2021","18","44","2","17","35","18"
"07/05/2021","5","6","2","36","20","11"
"07/01/2021","15","22","43","33","30","2"
"06/28/2021","25","5","23","7","48","8"
"06/24/2021","35","26","46","23","31","12"
"06/21/2021","28","22","38","43","33","17"
"06/17/2021","24","45","10","29","7","1"
"06/14/2021","37","21","17","19","3","12"
"06/10/2021","6","10","24","43","8","15"
"06/07/2021","5","34","18","7","24","18"
"06/03/2021","19","22","48","29","11","6"
"05/31/2021","2","28","19","47","31","9"
"05/27/2021","5","43","8","40","6","17"
"05/24/2021","48","36","7","6","3","3"
"05/20/2021","13","43","38","7","44","11"
"05/17/2021","32","40","44","18","29","16"
"05/13/2021","31","3","25","36","7","8"
"05/10/2021","32","44","31","4","42","7"
"05/06/2021","13","26","32","47","5","8"
"05/03/2021","21","12","18","7","11","10"
"04/29/2021","18","34","10","1","9","13"
"04/26/2021","8","38","37","33","22","10"
"04/22/2021","28","35","29","37","20","15"
"04/19/2021","32","31","33","21","13","15"
"04/15/2021","43","3","18","31","4","4"
"04/12/2021","16","1","12","26","36","4"
"04/08/2021","37","17","39","25","30","10"
"04/05/2021","2","26","16","5","39","10"
"04/01/2021","36","42","5","27","47","9"
"03/29/2021","9","32","42","45","29","4"
"03/25/2021","44","37","3","24","25","5"
"03/22/2021","3","31","24","45","5","1"
"03/18/2021","28","21","45","2","5","15"
"03/15/2021","15","14","37","5","27","7"
"03/11/2021","48","30","19","28","15","5"
"03/08/2021","40","44","3","41","9","6"
"03/04/2021","5","32","2","37","35","2"
"03/01/2021","5","17","47","26","11","3"
"02/25/2021","34","35","16","45","38","1"
"02/22/2021","45","43","12","10","2","1"
"02/18/2021","32","17","10","11","27","15"
"02/15/2021","21","1","45","34","22","11"
"02/11/2021","39","7","15","9","31","1"
"02/08/2021","2","22","26","24","12","11"
"02/04/2021","24","13","3","9","40","16"
"02/01/2021","27","15","30","39","17","2"
"01/28/2021","26","31","2","19","24","1"
"01/25/2021","28","34","1","41","24","2"
"01/21/2021","26","15","47","34","11","15"
"01/18/2021","13","2","19","14","31","7"
"01/14/2021","3","21","20","47","16","10"
"01/11/2021","8","37","39","20","1","8"
"01/07/2021","3","20","28","25","30","18"
"01/04/2021","21","26","2","46","12","7"
"12/31/2020","28","39","43","30","11","14"
"12/28/2020","9","11","15","6","29","14"
"12/24/2020","15","44","2","40","47","12"
"12/21/2020","38","3","40","35","32","3"
"12/17/2020","38","1","28","45","20","8"
"12/14/2020","34","25","7","37","43","9"
"12/10/2020","5","31","10","11","1","15"
"12/07/2020","3","22","18","35","26","14"
"12/03/2020","11","22","17","25","37","4"
"11/30/2020","36","18","21","38","11","9"
"11/26/2020","43","31","11","41","25","9"
"11/23/2020","23","39","37","31","13","11"
"11/19/2020","36","16","35","5","27","4"
"11/16/2020","38","44","8","3","16","15"
"11/12/2020","14","46","17","33","24","2"
"11/09/2020","22","45","24","42","33","5"
"11/05/2020","8","2","17","31","4","2"
"11/02/2020","33","42","7","24","26","11"
"10/29/2020","44","32","11","47","2","10"
"10/26/2020","20","12","9","38","30","6"
"10/22/2020","24","37","39","35","11","8"
"10/19/2020","11","41","34","23","17","7"
"10/15/2020","4","44","14","27","47","11"
"10/12/2020","21","2","11","42","39","4"
"10/08/2020","43","28","31","30","42","13"
"10/05/2020","7","29","17","35","45","17"
"10/01/2020","5","9","25","29","8","1"
"09/28/2020","45","47","14","9","46","8"
"09/24/2020","17","30","46","40","21","4"
"09/21/2020","7","39","28","47","41","3"
"09/17/2020","44","41","34","5","28","5"
"09/14/2020","2","5","46","25","45","10"
"09/10/2020","28","13","33","4","25","15"
"09/07/2020","25","30","36","7","4","9"
"09/03/2020","1","13","26","4","37","13"
"08/31/2020","18","3","9","25","14","11"
"08/27/2020","7","8","21","12","36","4"
"08/24/2020","31","18","22","25","46","18"
"08/20/2020","39","18","40","11","9","9"
"08/17/2020","27","11","9","17","5","2"
"08/13/2020","9","36","34","40","33","14"
"08/10/2020","5","37","16","4","19","1"
"08/06/2020","14","43","45","30","18","9"
"08/03/2020","20","4","10","46","32","15"
"07/30/2020","15","39","42","16","14","10"
"07/27/2020","6","13","31","17","10","9"
"07/23/2020","5","6","23","33","45","3"
"07/20/2020","37","11","40","15","46","6"
"07/16/2020","5","20","7","48","43","1"
"07/13/2020","13","34","36","9","46","10"
"07/09/2020","33","39","10","28","24","12"
"07/06/2020","48","47","2","10","40","15"
"07/02/2020","36","47","10","2","15","18"
"06/29/2020","19","6","16","22","12","2"
"06/25/2020","46","18","8","1","27","16"
"06/22/2020","34","44","43","13","33","1"
"06/18/2020","16","34","27","6","1","2"
"06/15/2020","48","32","25","47","28","14"
"06/11/2020","42","25","24","9","29","6"
"06/08/2020","40","31","34","26","29","1"
"06/04/2020","26","9","29","18","24","8"
"06/01/2020","15","45","5","40","30","16"
"05/28/2020","1","36","44","13","41","1"
"05/25/2020","28","32","41","31","4","2"
"05/21/2020","33","8","11","30","24","12"
"05/18/2020","47","32","10","43","27","10"
"05/14/2020","20","41","29","26","34","15"
"05/11/2020","28","36","24","45","1","7"
"05/07/2020","22","23","3","8","45","15"
"05/04/2020","20","22","48","37","15","11"
"04/30/2020","35","11","4","3","23","17"
"04/27/2020","5","9","28","1","35","9"
"04/23/2020","31","5","45","38","41","1"
"04/20/2020","1","3","45","6","34","12"
"04/16/2020","28","20","43","8","6","15"
"04/13/2020","37","43","1","39","45","17"
"04/09/2020","48","27","16","23","6","10"
"04/06/2020","2","25","26","37","30","8"
"04/02/2020","23","4","2","31","48","5"
"03/30/2020","36","2","40","22","29","18"
"03/26/2020","8","10","7","30","41","13"
"03/23/2020","48","46","1","31","30","8"
"03/19/2020","42","38","24","19","13","14"
"03/16/2020","3","7","26","42","24","18"
"03/12/2020","1","23","48","13","47","11"
"03/09/2020","16","3","13","48","45","13"
"03/05/2020","6","8","47","36","9","7"
"03/02/2020","13","32","24","6","40","13"
"02/27/2020","19","32","48","20","36","4"
"02/24/2020","44","23","33","48","27","11"
"02/20/2020","27","41","36","47","24","2"
"02/17/2020","27","29","45","34","4","14"
"02/13/2020","31","5","40","46","14","2"
"02/10/2020","3","21","7","26","25","4"
"02/06/2020","34","18","30","33","31","16"
"02/03/2020","34","48","9","36","2","13"
"01/30/2020","39","18","6","4","8","15"
"01/27/2020","7","29","22","17","1","15"
"01/23/2020","28","11","42","33","25","18"
"01/20/2020","4","7","27","18","8","5"
"01/16/2020","15","13","30","33","10","8"
"01/13/2020","30","32","39","16","7","17"
"01/09/2020","1","37","14","28","21","12"
"01/06/2020","8","15","48","33","5","2"
"01/02/2020","33","18","1","3","22","7"
"12/30/2019","47","15","4","40","34","16"
"12/26/2019","30","35","25","16","29","17"
"12/23/2019","1","6","46","16","21","13"
"12/19/2019","44","28","27","6","40","9"
"12/16/2019","45","21","11","20","38","17"
"12/12/2019","38","17","21","28","16","8"
"12/09/2019","16","45","1","27","39","10"
"12/05/2019","32","11","19","16","3","3"
"12/02/2019","46","43","10","31","44","13"
"11/28/2019","24","9","22","3","41","3"
"11/25/2019","31","3","1","40","2","5"
"11/21/2019","17","37","20","23","15","7"
"11/18/2019","15","28","37","22","35","17"
"11/14/2019","30","22","9","11","21","14"
"11/11/2019","22","5","3","36","23","12"
"11/07/2019","10","1","18","15","40","15"
"11/04/2019","44","42","28","48","34","15"
"10/31/2019","31","41","33","46","2","18"
"10/28/2019","34","15","23","18","11","10"
"10/24/2019","5","24","48","13","38","6"
"10/21/2019","15","9","35","14","40","10"
"10/17/2019","33","9","27","8","25","17"
"10/14/2019","41","19","35","17","12","9"
"10/10/2019","31","34","30","45","27","16"
"10/07/2019","38","18","31","43","13","16"
"10/03/2019","1","43","13","42","44","18"
"09/30/2019","3","47","45","14","48","3"
"09/26/2019","11","4","47","33","43","17"
"09/23/2019","4","43","23","48","25","9"
"09/19/2019","21","39","28","27","13","5"
"09/16/2019","22","37","31","12","11","7"
"09/12/2019","16","29","43","2","46","3"
"09/09/2019","33","22","9","17","8","18"
"09/05/2019","38","20","5","47","32","15"
"09/02/2019","6","46","7","25","22","14"
"08/29/2019","28","24","43","11","33","10"
"08/26/2019","25","37","30","9","48","14"
"08/22/2019","42","22","14","7","9","14"
"08/19/2019","26","8","28","17","40","10"
"08/15/2019","19","13","27","11","2","8"
"08/12/2019","2","39","14","5","27","3"
"08/08/2019","46","45","34","25","28","18"
"08/05/2019","47","20","30","37","42","10"
"08/01/2019","34","22","27","1","19","15"
"07/29/2019","16","5","19","6","27","9"
"07/25/2019","37","35","26","48","29","3"
"07/22/2019","33","41","31","47","5","17"
"07/18/2019","32","8","13","34","48","2"
"07/15/2019","18","19","3","14","32","4"
"07/11/2019","23","26","19","42","5","13"
"07/08/2019","23","11","16","37","18","7"
"07/04/2019","43","48","31","2","7","6"
"07/01/2019","22","17","27","11","32","16"
"06/27/2019","23","16","27","14","19","14"
"06/24/2019","44","23","3","17","21","2"
"06/20/2019","43","13","33","30","39","4"
"06/17/2019","47","29","40","3","25","8"
"06/13/2019","4","46","8","10","5","5"
"06/10/2019","26","40","43","39","34","11"
"06/06/2019","42","28","29","4","22","5"
"06/03/2019","24","19","3","44","30","4"
"05/30/2019","17","18","39","7","19","9"
"05/27/2019","15","37","46","47","43","10"
"05/23/2019","12","29","35","23","38","18"
"05/20/2019","46","27","36","29","26","2"
"05/16/2019","26","9","32","18","28","2"
"05/13/2019","28","11","13","38","6","18"
"05/09/2019","5","46","7","39","44","15"
"05/06/2019","26","13","39","36","14","9"
"05/02/2019","5","9","7","33","25","16"
"04/29/2019","39","7","28","22","48","5"
"04/25/2019","44","18","21","8","47","13"
"04/22/2019","46","20","1","11","30","1"
"04/18/2019","10","28","27","47","2","18"
"04/15/2019","20","10","4","24","30","3"
"04/11/2019","13","17","39","35","30","7"
"04/08/2019","44","34","46","17","23","14"
"04/04/2019","8","16","3","4","27","3"
"04/01/2019","9","19","41","22","33","4"
"03/28/2019","44","34","40","31","21","10"
"03/25/2019","7","14","31","9","29","8"
"03/21/2019","26","9","27","24","38","11"
"03/18/2019","39","3","24","27","11","14"
"03/14/2019","25","24","11","23","12","9"
"03/11/2019","19","24","30","44","46","1"
"03/07/2019","5","44","29","8","47","8"
"03/04/2019","45","12","28","35","4","13"
"02/28/2019","29","4","10","7","37","1"
"02/25/2019","45","24","31","48","26","17"
"02/21/2019","23","27","21","15","37","14"
"02/18/2019","8","31","15","29","1","2"
"02/14/2019","38","32","24","26","42","18"
"02/11/2019","32","41","5","3","10","10"
"02/07/2019","18","29","34","23","43","3"
"02/04/2019","30","14","24","37","38","12"
"01/31/2019","6","10","45","29","4","10"
"01/28/2019","6","12","32","30","37","18"
"01/24/2019","21","32","30","29","45","10"
"01/21/2019","40","47","2","43","16","12"
"01/17/2019","46","27","38","22","9","5"
"01/14/2019","42","13","11","18","29","3"
"01/10/2019","13","9","21","34","43","9"
"01/07/2019","37","18","34","31","35","14"
"01/03/2019","2","4","17","30","31","15"
"12/31/2018","4","15","10","19","43","8"
"12/27/2018","32","39","16","9","41","9"
"12/24/2018","27","2","47","14","9","7"
"12/20/2018","41","40","26","21","8","13"
"12/17/2018","32","4","8","44","31","9"
"12/13/2018","31","15","40","38","39","1"
"12/10/2018","16","47","28","26","20","16"
"12/06/2018","14","31","5","28","26","5"
"12/03/2018","7","43","8","37","28","11"
"11/29/2018","36","4","11","1","41","8"
"11/26/2018","29","10","43","23","37","14"
"11/22/2018","40","8","38","48","18","2"
"11/19/2018","15","44","43","1","14","15"
"11/15/2018","38","42","28","29","14","2"
"11/12/2018","15","9","2","37","4","15"
"11/08/2018","39","40","38","10","16","13"
"11/05/2018","8","28","37","34","18","9"
"11/01/2018","47","31","13","4","37","5"
"10/29/2018","29","14","43","16","26","13"
"10/25/2018","30","20","22","27","12","16"
"10/22/2018","7","36","37","46","41","16"
"10/18/2018","24","30","4","31","21","16"
"10/15/2018","41","1","42","30","39","12"
"10/11/2018","33","42","18","38","10","7"
"10/08/2018","34","36","48","5","35","15"
"10/04/2018","34","28","15","1","10","11"
"10/01/2018","16","40","13","8","10","1"
"09/27/2018","30","29","34","9","5","14"
"09/24/2018","21","45","16","27","9","17"
"09/20/2018","17","10","8","40","36","16"
"09/17/2018","19","3","6","47","5","15"
"09/13/2018","23","43","12","29","6","4"
"09/10/2018","1","13","23","11","42","3"
"09/06/2018","27","29","36","39","14","6"
"09/03/2018","27","44","47","40","43","3"
"08/30/2018","20","46","40","32","16","10"
"08/27/2018","6","19","32","12","8","17"
"08/23/2018","10","45","34","6","28","7"
"08/20/2018","16","48","44","36","4","11"
"08/16/2018","8","43","42","39","48","11"
"08/13/2018","1","27","15","41","22","7"
"08/09/2018","13","30","25","37","33","5"
"08/06/2018","13","29","15","7","5","5"
"08/02/2018","23","20","16","17","9","3"
"07/30/2018","8","36","34","37","15","2"
"07/26/2018","20","10","44","14","9","16"
"07/23/2018","5","28","11","1","48","7"
"07/19/2018","36","29","27","40","14","4"
"07/16/2018","14","48","17","18","21","12"
"07/12/2018","8","14","20","4","26","6"
"07/09/2018","43","48","24","18","46","6"
"07/05/2018","12","46","16","32","31","17"
"07/02/2018","27","39","18","43","13","8"
"06/28/2018","47","48","3","27","23","3"
"06/25/2018","31","45","42","3","48","17"
"06/21/2018","44","25","3","6","39","1"
"06/18/2018","27","31","34","22","1","6"
"06/14/2018","7","37","33","41","13","18"
"06/11/2018","46","4","25","36","5","9"
"06/07/2018","9","27","38","2","43","13"
"06/04/2018","36","1","5","33","20","5"
"05/31/2018","42","16","48","41","34","3"
"05/28/2018","16","13","6","4","32","7"
"05/24/2018","48","32","38","18","39","12"
"05/21/2018","48","31","12","4","45","7"
"05/17/2018","21","46","7","14","6","8"
"05/14/2018","42","36","26","11","33","14"
"05/10/2018","17","48","47","46","35","11"
"05/07/2018","5","40","6","2","15","16"
"05/03/2018","47","29","22","5","26","8"
"04/30/2018","10","13","21","16","1","17"
"04/26/2018","29","27","20","30","21","17"
"04/23/2018","7","27","48","12","20","13"
"04/19/2018","16","35","43","48","19","9"
"04/16/2018","11","26","9","38","33","7"
"04/12/2018","20","39","5","33","48","18"
"04/09/2018","44","9","13","39","20","18"
"04/05/2018","12","2","10","48","46","12"
"04/02/2018","32","6","2","11","33","4"
"03/29/2018","31","19","16","44","48","7"
"03/26/2018","15","4","40","23","3","6"
"03/22/2018","9","31","27","17","29","16"
"03/19/2018","17","31","32","26","45","14"
"03/15/2018","17","47","16","40","10","5"
"03/12/2018","8","45","1","44","20","15"
"03/08/2018","26","34","20","24","39","18"
"03/05/2018","5","42","23","17","35","12"
"03/01/2018","44","10","7","26","46","14"
"02/26/2018","6","11","16","37","28","11"
"02/22/2018","42","35","32","23","6","8"
"02/19/2018","44","14","41","2","47","16"
"02/15/2018","38","11","1","46","36","10"
"02/12/2018","47","33","7","37","11","10"
"02/08/2018","4","32","40","10","13","12"
"02/05/2018","1","5","48","32","2","17"
"02/01/2018","24","13","21","3","47","10"
"01/29/2018","33","1","6","30","4","2"
"01/25/2018","43","31","8","9","45","6"
"01/22/2018","35","26","30","13","5","5"
"01/18/2018","36","21","28","15","5","14"
"01/15/2018","40","11","32","33","15","18"
"01/11/2018","15","8","16","41","12","9"
"01/08/2018","22","15","28","3","1","15"
"01/04/2018","19","11","46","12","28","4"
"01/01/2018","25","15","35","31","18","2"
"12/28/2017","4","44","29","48","21","7"
"12/25/2017","43","44","37","8","45","16"
"12/21/2017","14","10","18","15","24","16"
"12/18/2017","32","13","21","29","16","17"
"12/14/2017","48","17","25","21","30","10"
"12/11/2017","47","37","46","16","48","9"
"12/07/2017","18","41","21","46","7","2"
"12/04/2017","31","1","37","7","2","8"
"11/30/2017","48","2","27","3","44","16"
"11/27/2017","37","13","20","12","46","1"
"11/23/2017","19","10","44","43","15","8"
"11/20/2017","7","28","16","20","24","11"
"11/16/2017","25","20","14","22","21","13"
"11/13/2017","39","21","20","37","42","17"
"11/09/2017","40","41","10","42","36","9"
"11/06/2017","46","22","24","44","28","18"
"11/02/2017","2","8","47","38","4","16"
"10/30/2017","46","12","2","40","22","10"
"10/26/2017","43","39","2","6","12","2"
"10/23/2017","9","10","31","7","4","15"
"10/19/2017","32","44","9","27","24","15"
"10/16/2017","1","27","2","17","12","7"
"10/12/2017","43","5","27","19","35","10"
"10/09/2017","43","23","21","27","19","2"
"10/05/2017","13","21","26","12","36","6"
"10/02/2017","47","24","28","37","25","5"
"09/28/2017","9","10","12","16","32","14"
"09/25/2017","17","19","30","14","48","4"
"09/21/2017","13","24","7","30","19","12"
"09/18/2017","19","14","30","4","46","9"
"09/14/2017","17","9","4","14","23","17"
"09/11/2017","48","27","30","23","11","18"
"09/07/2017","29","33","19","28","27","16"
"09/04/2017","9","33","1","4","15","3"
"08/31/2017","47","19","42","36","20","12"
"08/28/2017","48","47","6","5","1","17"
"08/24/2017","40","3","27","1","43","9"
"08/21/2017","5","29","45","38","42","1"
"08/17/2017","37","36","31","17","12","9"
"08/14/2017","17","15","39","8","4","2"
"08/10/2017","48","30","43","29","19","3"
"08/07/2017","37","7","12","36","22","12"
"08/03/2017","30","44","37","26","11","18"
"07/31/2017","44","7","22","14","23","5"
"07/27/2017","17","16","38","31","40","9"
"07/24/2017","26","16","27","36","37","2"
"07/20/2017","10","44","19","2","13","2"
"07/17/2017","8","2","37","6","12","5"
"07/13/2017","47","36","6","15","18","10"
"07/10/2017","42","32","23","33","9","16"
"07/06/2017","3","36","26","4","10","1"
"07/03/2017","43","47","19","15","45","18"
"06/29/2017","4","27","41","29","12","14"
"06/26/2017","7","18","21","30","34","5"
"06/22/2017","1","7","38","32","12","10"
"06/19/2017","31","8","24","23","33","1"
"06/15/2017","40","45","9","36","19","14"
"06/12/2017","13","31","29","7","34","7"
"06/08/2017","12","13","26","46","29","13"
"06/05/2017","32","20","15","13","17","17"
"06/01/2017","7","40","34","46","28","18"
"05/29/2017","29","25","20","37","30","1"
"05/25/2017","6","3","22","14","19","15"
"05/22/2017","31","46","43","12","16","15"
"05/18/2017","45","5","48","34","10","12"
"05/15/2017","36","17","15","45","30","8"
"05/11/2017","5","14","31","32","17","5"
"05/08/2017","4","39","7","46","23","2"
"05/04/2017","5","22","29","45","33","2"
"05/01/2017","23","13","44","3","48","11"
"04/27/2017","3","42","44","19","39","2"
"04/24/2017","12","36","2","42","32","6"
"04/20/2017","44","24","4","46","29","16"
"04/17/2017","17","32","11","44","25","9"
"04/13/2017","29","3","33","2","21","13"
"04/10/2017","34","41","43","13","36","7"
"04/06/2017","47","37","41","6","18","6"
"04/03/2017","17","10","47","32","35","14"
"03/30/2017","1","45","10","21","44","15"
"03/27/2017","1","17","22","19","24","13"
"03/23/2017","30","15","6","1","5","1"
"03/20/2017","6","8","46","18","38","14"
"03/16/2017","25","36","1","39","9","15"
"03/13/2017","9","24","2","27","40","16"
"03/09/2017","13","6","1","12","24","14"
"03/06/2017","47","48","11","19","4","2"
"03/02/2017","23","25","24","41","40","5"
"02/27/2017","8","34","45","27","5","3"
"02/23/2017","46","17","24","12","14","2"
"02/20/2017","27","18","2","25","14","10"
"02/16/2017","6","18","40","47","46","1"
"02/13/2017","4","41","9","38","42","5"
"02/09/2017","5","40","9","17","44","4"
"02/06/2017","6","5","39","7","3","11"
"02/02/2017","36","32","46","31","48","14"
"01/30/2017","6","42","36","28","8","12"
"01/26/2017","11","3","42","31","13","6"
"01/23/2017","29","41","20","3","45","1"
"01/19/2017","24","15","27","7","4","7"
"01/16/2017","26","25","5","6","24","1"
"01/12/2017","6","7","42","10","35","9"
"01/09/2017","48","47","34","2","29","10"
"01/05/2017","11","10","47","41","26","2"
"01/02/2017","35","13","38","17","28","14"
"12/29/2016","6","34","33","10","15","13"
"12/26/2016","1","27","45","4","35","18"
"12/22/2016","21","34","10","15","23","1"
"12/19/2016","48","35","8","1","45","9"
"12/15/2016","9","36","27","4","30","7"
"12/12/2016","48","6","44","25","18","15"
"12/08/2016","8","15","5","13","7","9"
"12/05/2016","9","47","44","17","10","15"
"12/01/2016","39","23","40","41","21","18"
"11/28/2016","6","2","32","5","13","16"
"11/24/2016","15","37","5","16","10","12"
"11/21/2016","12","35","46","7","3","10"
"11/17/2016","12","19","9","33","22","16"
"11/14/2016","37","21","47","27","48","13"
"11/10/2016","35","10","8","12","20","11"
"11/07/2016","9","35","39","33","3","11"
"11/03/2016","25","24","33","6","15","2"
"10/31/2016","3","4","32","12","45","5"
"10/27/2016","15","34","26","44","40","11"
"10/24/2016","44","6","45","23","33","9"
"10/20/2016","28","9","4","37","5","14"
"10/17/2016","6","23","31","45","34","4"
"10/13/2016","2","42","9","28","3","16"
"10/10/2016","26","23","43","14","48","5"
"10/06/2016","21","45","31","24","28","15"
"10/03/2016","43","16","2","35","20","3"
"09/29/2016","14","25","46","6","47","16"
"09/26/2016","5","14","17","37","8","1"
"09/22/2016","27","37","45","15","17","8"
"09/19/2016","1","4","19","43","46","14"
"09/15/2016","1","29","4","28","16","10"
"09/12/2016","30","41","25","47","28","8"
"09/08/2016","35","40","19","33","3","14"
"09/05/2016","21","14","40","9","34","18"
"09/01/2016","44","24","2","17","29","13"
"08/29/2016","35","43","27","13","21","14"
"08/25/2016","8","42","30","36","35","7"
"08/22/2016","20","18","17","4","28","14"
"08/18/2016","14","48","2","19","1","16"
"08/15/2016","14","25","1","15","4","17"
"08/11/2016","43","14","32","38","31","1"
"08/08/2016","40","33","31","20","29","10"
"08/04/2016","48","47","20","37","12","2"
"08/01/2016","29","17","7","24","45","14"
"07/28/2016","45","38","33","12","29","14"
"07/25/2016","47","15","32","20","36","5"
"07/21/2016","46","27","43","3","36","12"
"07/18/2016","10","41","4","17","3","17"
"07/14/2016","25","27","43","30","48","5"
"07/11/2016","17","3","6","43","18","9"
"07/07/2016","18","45","4","21","15","10"
"07/04/2016","31","8","44","34","48","7"
"06/30/2016","27","36","11","39","29","11"
"06/27/2016","32","9","8","46","13","2"
"06/23/2016","19","9","42","6","31","18"
"06/20/2016","45","38","3","25","46","7"
"06/16/2016","20","45","12","33","8","15"
"06/13/2016","4","37","1","34","21","7"
"06/09/2016","2","25","40","7","36","4"
"06/06/2016","37","7","22","25","9","8"
"06/02/2016","11","42","36","37","19","10"
"05/30/2016","34","2","36","6","26","13"
"05/26/2016","27","21","2","22","43","6"
"05/23/2016","3","35","31","40","46","9"
"05/19/2016","28","24","13","30","4","15"
"05/16/2016","44","42","29","20","30","14"
"05/12/2016","44","25","6","29","1","8"
"05/09/2016","28","3","9","2","26","17"
"05/05/2016","15","22","21","43","14","14"
"05/02/2016","45","15","37","23","19","17"
"04/28/2016","32","12","27","39","8","8"
"04/25/2016","32","13","26","6","2","18"
"04/21/2016","2","35","34","10","16","13"
"04/18/2016","6","11","22","46","25","9"
"04/14/2016","12","45","47","1","3","16"
"04/11/2016","24","4","16","20","12","18"
"04/07/2016","28","38","27","5","3","14"
"04/04/2016","1","41","27","15","34","17"
"03/31/2016","22","17","32","37","26","9"
"03/28/2016","30","25","21","40","12","5"
"03/24/2016","18","12","22","20","2","12"
"03/21/2016","30","5","2","12","44","13"
"03/17/2016","33","14","13","4","15","16"
"03/14/2016","8","4","41","37","7","1"
"03/10/2016","11","1","12","41","20","12"
"03/07/2016","12","7","8","38","23","3"
"03/03/2016","18","21","10","4","3","2"
"02/29/2016","34","31","26","40","19","11"
"02/25/2016","36","15","14","31","34","7"
"02/22/2016","19","41","30","39","17","16"
"02/18/2016","5","26","16","41","21","2"
"02/15/2016","4","11","25","1","27","17"
"02/11/2016","27","29","11","36","31","5"
"02/08/2016","18","31","47","43","30","16"

"Every effort has been made to ensure that the winning numbers posted in this file are accurate; however, no valid claim may be based on information contained herein.  In the event of a discrepancy between the numbers posted in this file and the official winning numbers, the official winning numbers as certified by the Multi-State Lottery Association and/or the NCEL shall control. "
